date,time,part_type,failure
2025-01-01,0,type0,0
2025-01-02,1,type0,0
2025-01-03,2,type0,0
2025-01-04,3,type0,0
2025-01-05,4,type0,0
2025-01-06,5,type0,0
2025-01-07,6,type0,0
2025-01-08,7,type0,0
2025-01-09,8,type0,0
2025-01-10,9,type0,0
2025-01-11,10,type0,0
2025-01-12,11,type0,0
2025-01-13,12,type0,0
2025-01-14,13,type0,0
2025-01-15,14,type0,0
2025-01-16,15,type0,0
2025-01-17,16,type0,0
2025-01-18,17,type0,0
2025-01-19,18,type0,0
2025-01-20,19,type0,0
2025-01-21,20,type0,0
2025-01-22,21,type0,0
2025-01-23,22,type0,0
2025-01-24,23,type0,0
2025-01-25,24,type0,0
2025-01-26,25,type0,0
2025-01-27,26,type0,0
2025-01-28,27,type0,0
2025-01-29,28,type0,0
2025-01-30,29,type0,0
2025-01-31,30,type0,0
2025-02-01,31,type0,0
2025-02-02,32,type0,0
2025-02-03,33,type0,0
2025-02-04,34,type0,0
2025-02-05,35,type0,0
2025-02-06,36,type0,0
2025-02-07,37,type0,0
2025-02-08,38,type0,0
2025-02-09,39,type0,0
2025-02-10,40,type0,0
2025-02-11,41,type0,0
2025-02-12,42,type0,0
2025-02-13,43,type0,0
2025-02-14,44,type0,0
2025-02-15,45,type0,0
2025-02-16,46,type0,0
2025-02-17,47,type0,0
2025-02-18,48,type0,0
2025-02-19,49,type0,0
2025-02-20,50,type0,0
2025-02-21,51,type0,0
2025-02-22,52,type0,0
2025-02-23,53,type0,0
2025-02-24,54,type0,0
2025-02-25,55,type0,0
2025-02-26,56,type0,0
2025-02-27,57,type0,0
2025-02-28,58,type0,0
2025-03-01,59,type0,0
2025-03-02,60,type0,0
2025-03-03,61,type0,0
2025-03-04,62,type0,0
2025-03-05,63,type0,0
2025-03-06,64,type0,0
2025-03-07,65,type0,0
2025-03-08,66,type0,0
2025-03-09,67,type0,0
2025-03-10,68,type0,0
2025-03-11,69,type0,0
2025-03-12,70,type0,0
2025-03-13,71,type0,0
2025-03-14,72,type0,0
2025-03-15,73,type0,0
2025-03-16,74,type0,0
2025-03-17,75,type0,0
2025-03-18,76,type0,0
2025-03-19,77,type0,0
2025-03-20,78,type0,0
2025-03-21,79,type0,0
2025-03-22,80,type0,0
2025-03-23,81,type0,0
2025-03-24,82,type0,0
2025-03-25,83,type0,0
2025-03-26,84,type0,0
2025-03-27,85,type0,0
2025-03-28,86,type0,0
2025-03-29,87,type0,0
2025-03-30,88,type0,0
2025-03-31,89,type0,0
2025-04-01,90,type0,0
2025-04-02,91,type0,0
2025-04-03,92,type0,0
2025-04-04,93,type0,0
2025-04-05,94,type0,0
2025-04-06,95,type0,0
2025-04-07,96,type0,0
2025-04-08,97,type0,0
2025-04-09,98,type0,0
2025-04-10,99,type0,0
2025-04-11,100,type0,0
2025-04-12,101,type0,0
2025-04-13,102,type0,0
2025-04-14,103,type0,0
2025-04-15,104,type0,0
2025-04-16,105,type0,0
2025-04-17,106,type0,0
2025-04-18,107,type0,0
2025-04-19,108,type0,0
2025-04-20,109,type0,0
2025-04-21,110,type0,0
2025-04-22,111,type0,0
2025-04-23,112,type0,0
2025-04-24,113,type0,0
2025-04-25,114,type0,0
2025-04-26,115,type0,0
2025-04-27,116,type0,0
2025-04-28,117,type0,0
2025-04-29,118,type0,0
2025-04-30,119,type0,0
2025-05-01,120,type0,0
2025-05-02,121,type0,0
2025-05-03,122,type0,0
2025-05-04,123,type0,0
2025-05-05,124,type0,0
2025-05-06,125,type0,0
2025-05-07,126,type0,0
2025-05-08,127,type0,0
2025-05-09,128,type0,0
2025-05-10,129,type0,0
2025-05-11,130,type0,0
2025-05-12,131,type0,0
2025-05-13,132,type0,0
2025-05-14,133,type0,0
2025-05-15,134,type0,0
2025-05-16,135,type0,0
2025-05-17,136,type0,0
2025-05-18,137,type0,0
2025-05-19,138,type0,0
2025-05-20,139,type0,0
2025-05-21,140,type0,0
2025-05-22,141,type0,0
2025-05-23,142,type0,0
2025-05-24,143,type0,0
2025-05-25,144,type0,0
2025-05-26,145,type0,0
2025-05-27,146,type0,0
2025-05-28,147,type0,0
2025-05-29,148,type0,0
2025-05-30,149,type0,0
2025-05-31,150,type0,0
2025-06-01,151,type0,0
2025-06-02,152,type0,0
2025-06-03,153,type0,0
2025-06-04,154,type0,0
2025-06-05,155,type0,0
2025-06-06,156,type0,0
2025-06-07,157,type0,0
2025-06-08,158,type0,0
2025-06-09,159,type0,0
2025-06-10,160,type0,0
2025-06-11,161,type0,0
2025-06-12,162,type0,0
2025-06-13,163,type0,0
2025-06-14,164,type0,0
2025-06-15,165,type0,0
2025-06-16,166,type0,0
2025-06-17,167,type0,0
2025-06-18,168,type0,0
2025-06-19,169,type0,0
2025-06-20,170,type0,0
2025-06-21,171,type0,0
2025-06-22,172,type0,0
2025-06-23,173,type0,0
2025-06-24,174,type0,0
2025-06-25,175,type0,0
2025-06-26,176,type0,0
2025-06-27,177,type0,0
2025-06-28,178,type0,0
2025-06-29,179,type0,0
2025-06-30,180,type0,0
2025-07-01,181,type0,0
2025-07-02,182,type0,0
2025-07-03,183,type0,0
2025-07-04,184,type0,0
2025-07-05,185,type0,0
2025-07-06,186,type0,0
2025-07-07,187,type0,0
2025-07-08,188,type0,0
2025-07-09,189,type0,0
2025-07-10,190,type0,0
2025-07-11,191,type0,0
2025-07-12,192,type0,0
2025-07-13,193,type0,0
2025-07-14,194,type0,0
2025-07-15,195,type0,0
2025-07-16,196,type0,0
2025-07-17,197,type0,0
2025-07-18,198,type0,0
2025-07-19,199,type0,0
2025-07-20,200,type0,0
2025-07-21,201,type0,0
2025-07-22,202,type0,0
2025-07-23,203,type0,0
2025-07-24,204,type0,0
2025-07-25,205,type0,0
2025-07-26,206,type0,0
2025-07-27,207,type0,0
2025-07-28,208,type0,0
2025-07-29,209,type0,0
2025-07-30,210,type0,0
2025-07-31,211,type0,0
2025-08-01,212,type0,0
2025-08-02,213,type0,0
2025-08-03,214,type0,0
2025-08-04,215,type0,0
2025-08-05,216,type0,0
2025-08-06,217,type0,0
2025-08-07,218,type0,0
2025-08-08,219,type0,0
2025-08-09,220,type0,0
2025-08-10,221,type0,0
2025-08-11,222,type0,0
2025-08-12,223,type0,0
2025-08-13,224,type0,0
2025-08-14,225,type0,0
2025-08-15,226,type0,0
2025-08-16,227,type0,0
2025-08-17,228,type0,0
2025-08-18,229,type0,0
2025-08-19,230,type0,0
2025-08-20,231,type0,0
2025-08-21,232,type0,0
2025-08-22,233,type0,0
2025-08-23,234,type0,0
2025-08-24,235,type0,0
2025-08-25,236,type0,0
2025-08-26,237,type0,0
2025-08-27,238,type0,0
2025-08-28,239,type0,0
2025-08-29,240,type0,0
2025-08-30,241,type0,0
2025-08-31,242,type0,0
2025-09-01,243,type0,0
2025-09-02,244,type0,0
2025-09-03,245,type0,0
2025-09-04,246,type0,0
2025-09-05,247,type0,0
2025-09-06,248,type0,0
2025-09-07,249,type0,0
2025-09-08,250,type0,0
2025-09-09,251,type0,0
2025-09-10,252,type0,0
2025-09-11,253,type0,0
2025-09-12,254,type0,0
2025-09-13,255,type0,0
2025-09-14,256,type0,0
2025-09-15,257,type0,0
2025-09-16,258,type0,0
2025-09-17,259,type0,0
2025-09-18,260,type0,0
2025-09-19,261,type0,0
2025-09-20,262,type0,0
2025-09-21,263,type0,0
2025-09-22,264,type0,0
2025-09-23,265,type0,0
2025-09-24,266,type0,0
2025-09-25,267,type0,0
2025-09-26,268,type0,0
2025-09-27,269,type0,0
2025-09-28,270,type0,0
2025-09-29,271,type0,0
2025-09-30,272,type0,0
2025-10-01,273,type0,0
2025-10-02,274,type0,0
2025-10-03,275,type0,0
2025-10-04,276,type0,0
2025-10-05,277,type0,0
2025-10-06,278,type0,0
2025-10-07,279,type0,0
2025-10-08,280,type0,0
2025-10-09,281,type0,0
2025-10-10,282,type0,0
2025-10-11,283,type0,0
2025-10-12,284,type0,0
2025-10-13,285,type0,0
2025-10-14,286,type0,0
2025-10-15,287,type0,0
2025-10-16,288,type0,0
2025-10-17,289,type0,0
2025-10-18,290,type0,0
2025-10-19,291,type0,0
2025-10-20,292,type0,0
2025-10-21,293,type0,0
2025-10-22,294,type0,0
2025-10-23,295,type0,0
2025-10-24,296,type0,0
2025-10-25,297,type0,0
2025-10-26,298,type0,0
2025-10-27,299,type0,1
2025-10-28,300,type0,0
2025-10-29,301,type0,0
2025-10-30,302,type0,0
2025-10-31,303,type0,0
2025-11-01,304,type0,0
2025-11-02,305,type0,0
2025-11-03,306,type0,0
2025-11-04,307,type0,0
2025-11-05,308,type0,0
2025-11-06,309,type0,0
2025-11-07,310,type0,0
2025-11-08,311,type0,0
2025-11-09,312,type0,0
2025-11-10,313,type0,0
2025-11-11,314,type0,0
2025-11-12,315,type0,0
2025-11-13,316,type0,1
2025-11-14,317,type0,0
2025-11-15,318,type0,0
2025-11-16,319,type0,0
2025-11-17,320,type0,0
2025-11-18,321,type0,0
2025-11-19,322,type0,0
2025-11-20,323,type0,0
2025-11-21,324,type0,0
2025-11-22,325,type0,0
2025-11-23,326,type0,0
2025-11-24,327,type0,0
2025-11-25,328,type0,0
2025-11-26,329,type0,0
2025-11-27,330,type0,0
2025-11-28,331,type0,0
2025-11-29,332,type0,0
2025-11-30,333,type0,0
2025-12-01,334,type0,0
2025-12-02,335,type0,0
2025-12-03,336,type0,0
2025-12-04,337,type0,0
2025-12-05,338,type0,0
2025-12-06,339,type0,0
2025-12-07,340,type0,0
2025-12-08,341,type0,0
2025-12-09,342,type0,0
2025-12-10,343,type0,0
2025-12-11,344,type0,0
2025-12-12,345,type0,0
2025-12-13,346,type0,0
2025-12-14,347,type0,0
2025-12-15,348,type0,0
2025-12-16,349,type0,0
2025-12-17,350,type0,0
2025-12-18,351,type0,0
2025-12-19,352,type0,0
2025-12-20,353,type0,0
2025-12-21,354,type0,0
2025-12-22,355,type0,0
2025-12-23,356,type0,0
2025-12-24,357,type0,0
2025-12-25,358,type0,0
2025-12-26,359,type0,0
2025-12-27,360,type0,0
2025-12-28,361,type0,0
2025-12-29,362,type0,0
2025-12-30,363,type0,0
2025-12-31,364,type0,0
2025-01-01,0,type1,0
2025-01-02,1,type1,0
2025-01-03,2,type1,3
2025-01-04,3,type1,4
2025-01-05,4,type1,2
2025-01-06,5,type1,6
2025-01-07,6,type1,8
2025-01-08,7,type1,5
2025-01-09,8,type1,9
2025-01-10,9,type1,6
2025-01-11,10,type1,7
2025-01-12,11,type1,5
2025-01-13,12,type1,4
2025-01-14,13,type1,8
2025-01-15,14,type1,6
2025-01-16,15,type1,2
2025-01-17,16,type1,6
2025-01-18,17,type1,2
2025-01-19,18,type1,8
2025-01-20,19,type1,4
2025-01-21,20,type1,4
2025-01-22,21,type1,8
2025-01-23,22,type1,1
2025-01-24,23,type1,5
2025-01-25,24,type1,7
2025-01-26,25,type1,4
2025-01-27,26,type1,3
2025-01-28,27,type1,2
2025-01-29,28,type1,5
2025-01-30,29,type1,4
2025-01-31,30,type1,3
2025-02-01,31,type1,5
2025-02-02,32,type1,6
2025-02-03,33,type1,3
2025-02-04,34,type1,2
2025-02-05,35,type1,3
2025-02-06,36,type1,4
2025-02-07,37,type1,7
2025-02-08,38,type1,1
2025-02-09,39,type1,3
2025-02-10,40,type1,7
2025-02-11,41,type1,4
2025-02-12,42,type1,2
2025-02-13,43,type1,1
2025-02-14,44,type1,4
2025-02-15,45,type1,3
2025-02-16,46,type1,1
2025-02-17,47,type1,3
2025-02-18,48,type1,0
2025-02-19,49,type1,0
2025-02-20,50,type1,6
2025-02-21,51,type1,1
2025-02-22,52,type1,0
2025-02-23,53,type1,1
2025-02-24,54,type1,1
2025-02-25,55,type1,0
2025-02-26,56,type1,2
2025-02-27,57,type1,2
2025-02-28,58,type1,2
2025-03-01,59,type1,5
2025-03-02,60,type1,5
2025-03-03,61,type1,3
2025-03-04,62,type1,3
2025-03-05,63,type1,1
2025-03-06,64,type1,3
2025-03-07,65,type1,2
2025-03-08,66,type1,0
2025-03-09,67,type1,3
2025-03-10,68,type1,1
2025-03-11,69,type1,2
2025-03-12,70,type1,1
2025-03-13,71,type1,1
2025-03-14,72,type1,1
2025-03-15,73,type1,2
2025-03-16,74,type1,2
2025-03-17,75,type1,1
2025-03-18,76,type1,1
2025-03-19,77,type1,2
2025-03-20,78,type1,1
2025-03-21,79,type1,0
2025-03-22,80,type1,0
2025-03-23,81,type1,1
2025-03-24,82,type1,1
2025-03-25,83,type1,1
2025-03-26,84,type1,1
2025-03-27,85,type1,1
2025-03-28,86,type1,2
2025-03-29,87,type1,3
2025-03-30,88,type1,1
2025-03-31,89,type1,4
2025-04-01,90,type1,1
2025-04-02,91,type1,3
2025-04-03,92,type1,2
2025-04-04,93,type1,3
2025-04-05,94,type1,0
2025-04-06,95,type1,2
2025-04-07,96,type1,1
2025-04-08,97,type1,1
2025-04-09,98,type1,0
2025-04-10,99,type1,1
2025-04-11,100,type1,1
2025-04-12,101,type1,3
2025-04-13,102,type1,2
2025-04-14,103,type1,1
2025-04-15,104,type1,0
2025-04-16,105,type1,1
2025-04-17,106,type1,0
2025-04-18,107,type1,1
2025-04-19,108,type1,2
2025-04-20,109,type1,1
2025-04-21,110,type1,2
2025-04-22,111,type1,0
2025-04-23,112,type1,2
2025-04-24,113,type1,0
2025-04-25,114,type1,1
2025-04-26,115,type1,2
2025-04-27,116,type1,2
2025-04-28,117,type1,2
2025-04-29,118,type1,0
2025-04-30,119,type1,1
2025-05-01,120,type1,1
2025-05-02,121,type1,2
2025-05-03,122,type1,2
2025-05-04,123,type1,2
2025-05-05,124,type1,0
2025-05-06,125,type1,2
2025-05-07,126,type1,1
2025-05-08,127,type1,2
2025-05-09,128,type1,0
2025-05-10,129,type1,0
2025-05-11,130,type1,1
2025-05-12,131,type1,1
2025-05-13,132,type1,0
2025-05-14,133,type1,2
2025-05-15,134,type1,2
2025-05-16,135,type1,2
2025-05-17,136,type1,1
2025-05-18,137,type1,1
2025-05-19,138,type1,1
2025-05-20,139,type1,1
2025-05-21,140,type1,0
2025-05-22,141,type1,2
2025-05-23,142,type1,0
2025-05-24,143,type1,0
2025-05-25,144,type1,1
2025-05-26,145,type1,1
2025-05-27,146,type1,0
2025-05-28,147,type1,2
2025-05-29,148,type1,1
2025-05-30,149,type1,2
2025-05-31,150,type1,1
2025-06-01,151,type1,1
2025-06-02,152,type1,0
2025-06-03,153,type1,1
2025-06-04,154,type1,1
2025-06-05,155,type1,0
2025-06-06,156,type1,0
2025-06-07,157,type1,1
2025-06-08,158,type1,1
2025-06-09,159,type1,1
2025-06-10,160,type1,0
2025-06-11,161,type1,0
2025-06-12,162,type1,2
2025-06-13,163,type1,0
2025-06-14,164,type1,0
2025-06-15,165,type1,0
2025-06-16,166,type1,0
2025-06-17,167,type1,0
2025-06-18,168,type1,1
2025-06-19,169,type1,1
2025-06-20,170,type1,0
2025-06-21,171,type1,0
2025-06-22,172,type1,1
2025-06-23,173,type1,0
2025-06-24,174,type1,0
2025-06-25,175,type1,1
2025-06-26,176,type1,0
2025-06-27,177,type1,1
2025-06-28,178,type1,0
2025-06-29,179,type1,0
2025-06-30,180,type1,2
2025-07-01,181,type1,0
2025-07-02,182,type1,2
2025-07-03,183,type1,0
2025-07-04,184,type1,1
2025-07-05,185,type1,0
2025-07-06,186,type1,2
2025-07-07,187,type1,1
2025-07-08,188,type1,1
2025-07-09,189,type1,0
2025-07-10,190,type1,1
2025-07-11,191,type1,0
2025-07-12,192,type1,1
2025-07-13,193,type1,0
2025-07-14,194,type1,0
2025-07-15,195,type1,2
2025-07-16,196,type1,0
2025-07-17,197,type1,0
2025-07-18,198,type1,1
2025-07-19,199,type1,2
2025-07-20,200,type1,1
2025-07-21,201,type1,1
2025-07-22,202,type1,0
2025-07-23,203,type1,0
2025-07-24,204,type1,0
2025-07-25,205,type1,0
2025-07-26,206,type1,0
2025-07-27,207,type1,0
2025-07-28,208,type1,0
2025-07-29,209,type1,1
2025-07-30,210,type1,2
2025-07-31,211,type1,1
2025-08-01,212,type1,0
2025-08-02,213,type1,0
2025-08-03,214,type1,0
2025-08-04,215,type1,1
2025-08-05,216,type1,2
2025-08-06,217,type1,1
2025-08-07,218,type1,1
2025-08-08,219,type1,2
2025-08-09,220,type1,0
2025-08-10,221,type1,0
2025-08-11,222,type1,1
2025-08-12,223,type1,1
2025-08-13,224,type1,0
2025-08-14,225,type1,0
2025-08-15,226,type1,1
2025-08-16,227,type1,1
2025-08-17,228,type1,1
2025-08-18,229,type1,1
2025-08-19,230,type1,0
2025-08-20,231,type1,0
2025-08-21,232,type1,1
2025-08-22,233,type1,1
2025-08-23,234,type1,1
2025-08-24,235,type1,1
2025-08-25,236,type1,1
2025-08-26,237,type1,0
2025-08-27,238,type1,1
2025-08-28,239,type1,1
2025-08-29,240,type1,1
2025-08-30,241,type1,0
2025-08-31,242,type1,1
2025-09-01,243,type1,0
2025-09-02,244,type1,4
2025-09-03,245,type1,2
2025-09-04,246,type1,0
2025-09-05,247,type1,0
2025-09-06,248,type1,0
2025-09-07,249,type1,0
2025-09-08,250,type1,2
2025-09-09,251,type1,0
2025-09-10,252,type1,0
2025-09-11,253,type1,0
2025-09-12,254,type1,0
2025-09-13,255,type1,2
2025-09-14,256,type1,0
2025-09-15,257,type1,0
2025-09-16,258,type1,0
2025-09-17,259,type1,1
2025-09-18,260,type1,1
2025-09-19,261,type1,0
2025-09-20,262,type1,1
2025-09-21,263,type1,0
2025-09-22,264,type1,0
2025-09-23,265,type1,0
2025-09-24,266,type1,1
2025-09-25,267,type1,1
2025-09-26,268,type1,0
2025-09-27,269,type1,0
2025-09-28,270,type1,1
2025-09-29,271,type1,0
2025-09-30,272,type1,0
2025-10-01,273,type1,0
2025-10-02,274,type1,0
2025-10-03,275,type1,0
2025-10-04,276,type1,1
2025-10-05,277,type1,0
2025-10-06,278,type1,0
2025-10-07,279,type1,0
2025-10-08,280,type1,0
2025-10-09,281,type1,0
2025-10-10,282,type1,0
2025-10-11,283,type1,0
2025-10-12,284,type1,0
2025-10-13,285,type1,0
2025-10-14,286,type1,0
2025-10-15,287,type1,0
2025-10-16,288,type1,0
2025-10-17,289,type1,0
2025-10-18,290,type1,0
2025-10-19,291,type1,0
2025-10-20,292,type1,0
2025-10-21,293,type1,0
2025-10-22,294,type1,1
2025-10-23,295,type1,2
2025-10-24,296,type1,0
2025-10-25,297,type1,0
2025-10-26,298,type1,1
2025-10-27,299,type1,0
2025-10-28,300,type1,0
2025-10-29,301,type1,3
2025-10-30,302,type1,0
2025-10-31,303,type1,0
2025-11-01,304,type1,0
2025-11-02,305,type1,1
2025-11-03,306,type1,1
2025-11-04,307,type1,0
2025-11-05,308,type1,1
2025-11-06,309,type1,1
2025-11-07,310,type1,2
2025-11-08,311,type1,0
2025-11-09,312,type1,1
2025-11-10,313,type1,1
2025-11-11,314,type1,0
2025-11-12,315,type1,1
2025-11-13,316,type1,0
2025-11-14,317,type1,1
2025-11-15,318,type1,1
2025-11-16,319,type1,0
2025-11-17,320,type1,2
2025-11-18,321,type1,0
2025-11-19,322,type1,2
2025-11-20,323,type1,0
2025-11-21,324,type1,2
2025-11-22,325,type1,0
2025-11-23,326,type1,1
2025-11-24,327,type1,2
2025-11-25,328,type1,0
2025-11-26,329,type1,0
2025-11-27,330,type1,0
2025-11-28,331,type1,2
2025-11-29,332,type1,0
2025-11-30,333,type1,0
2025-12-01,334,type1,0
2025-12-02,335,type1,0
2025-12-03,336,type1,2
2025-12-04,337,type1,0
2025-12-05,338,type1,1
2025-12-06,339,type1,0
2025-12-07,340,type1,1
2025-12-08,341,type1,1
2025-12-09,342,type1,1
2025-12-10,343,type1,1
2025-12-11,344,type1,0
2025-12-12,345,type1,0
2025-12-13,346,type1,0
2025-12-14,347,type1,0
2025-12-15,348,type1,0
2025-12-16,349,type1,0
2025-12-17,350,type1,0
2025-12-18,351,type1,2
2025-12-19,352,type1,1
2025-12-20,353,type1,0
2025-12-21,354,type1,0
2025-12-22,355,type1,0
2025-12-23,356,type1,0
2025-12-24,357,type1,0
2025-12-25,358,type1,0
2025-12-26,359,type1,0
2025-12-27,360,type1,1
2025-12-28,361,type1,1
2025-12-29,362,type1,0
2025-12-30,363,type1,0
2025-12-31,364,type1,1
2025-01-01,0,type2,0
2025-01-02,1,type2,0
2025-01-03,2,type2,2
2025-01-04,3,type2,4
2025-01-05,4,type2,2
2025-01-06,5,type2,1
2025-01-07,6,type2,4
2025-01-08,7,type2,3
2025-01-09,8,type2,5
2025-01-10,9,type2,6
2025-01-11,10,type2,8
2025-01-12,11,type2,4
2025-01-13,12,type2,3
2025-01-14,13,type2,3
2025-01-15,14,type2,6
2025-01-16,15,type2,3
2025-01-17,16,type2,7
2025-01-18,17,type2,5
2025-01-19,18,type2,3
2025-01-20,19,type2,3
2025-01-21,20,type2,3
2025-01-22,21,type2,4
2025-01-23,22,type2,4
2025-01-24,23,type2,4
2025-01-25,24,type2,4
2025-01-26,25,type2,7
2025-01-27,26,type2,3
2025-01-28,27,type2,2
2025-01-29,28,type2,6
2025-01-30,29,type2,2
2025-01-31,30,type2,3
2025-02-01,31,type2,4
2025-02-02,32,type2,2
2025-02-03,33,type2,2
2025-02-04,34,type2,0
2025-02-05,35,type2,2
2025-02-06,36,type2,0
2025-02-07,37,type2,0
2025-02-08,38,type2,1
2025-02-09,39,type2,1
2025-02-10,40,type2,2
2025-02-11,41,type2,2
2025-02-12,42,type2,3
2025-02-13,43,type2,1
2025-02-14,44,type2,4
2025-02-15,45,type2,2
2025-02-16,46,type2,0
2025-02-17,47,type2,2
2025-02-18,48,type2,1
2025-02-19,49,type2,1
2025-02-20,50,type2,2
2025-02-21,51,type2,1
2025-02-22,52,type2,4
2025-02-23,53,type2,0
2025-02-24,54,type2,1
2025-02-25,55,type2,1
2025-02-26,56,type2,3
2025-02-27,57,type2,3
2025-02-28,58,type2,1
2025-03-01,59,type2,1
2025-03-02,60,type2,1
2025-03-03,61,type2,0
2025-03-04,62,type2,1
2025-03-05,63,type2,2
2025-03-06,64,type2,1
2025-03-07,65,type2,1
2025-03-08,66,type2,1
2025-03-09,67,type2,2
2025-03-10,68,type2,1
2025-03-11,69,type2,0
2025-03-12,70,type2,1
2025-03-13,71,type2,1
2025-03-14,72,type2,2
2025-03-15,73,type2,1
2025-03-16,74,type2,2
2025-03-17,75,type2,2
2025-03-18,76,type2,1
2025-03-19,77,type2,2
2025-03-20,78,type2,0
2025-03-21,79,type2,0
2025-03-22,80,type2,0
2025-03-23,81,type2,1
2025-03-24,82,type2,0
2025-03-25,83,type2,2
2025-03-26,84,type2,1
2025-03-27,85,type2,2
2025-03-28,86,type2,2
2025-03-29,87,type2,1
2025-03-30,88,type2,1
2025-03-31,89,type2,0
2025-04-01,90,type2,0
2025-04-02,91,type2,0
2025-04-03,92,type2,0
2025-04-04,93,type2,2
2025-04-05,94,type2,0
2025-04-06,95,type2,1
2025-04-07,96,type2,1
2025-04-08,97,type2,1
2025-04-09,98,type2,0
2025-04-10,99,type2,2
2025-04-11,100,type2,0
2025-04-12,101,type2,0
2025-04-13,102,type2,3
2025-04-14,103,type2,0
2025-04-15,104,type2,0
2025-04-16,105,type2,0
2025-04-17,106,type2,0
2025-04-18,107,type2,0
2025-04-19,108,type2,2
2025-04-20,109,type2,0
2025-04-21,110,type2,0
2025-04-22,111,type2,1
2025-04-23,112,type2,2
2025-04-24,113,type2,0
2025-04-25,114,type2,2
2025-04-26,115,type2,1
2025-04-27,116,type2,1
2025-04-28,117,type2,2
2025-04-29,118,type2,1
2025-04-30,119,type2,0
2025-05-01,120,type2,1
2025-05-02,121,type2,0
2025-05-03,122,type2,0
2025-05-04,123,type2,0
2025-05-05,124,type2,1
2025-05-06,125,type2,1
2025-05-07,126,type2,0
2025-05-08,127,type2,0
2025-05-09,128,type2,1
2025-05-10,129,type2,1
2025-05-11,130,type2,0
2025-05-12,131,type2,0
2025-05-13,132,type2,0
2025-05-14,133,type2,1
2025-05-15,134,type2,0
2025-05-16,135,type2,0
2025-05-17,136,type2,1
2025-05-18,137,type2,0
2025-05-19,138,type2,0
2025-05-20,139,type2,0
2025-05-21,140,type2,1
2025-05-22,141,type2,0
2025-05-23,142,type2,0
2025-05-24,143,type2,1
2025-05-25,144,type2,0
2025-05-26,145,type2,0
2025-05-27,146,type2,2
2025-05-28,147,type2,0
2025-05-29,148,type2,0
2025-05-30,149,type2,1
2025-05-31,150,type2,1
2025-06-01,151,type2,0
2025-06-02,152,type2,0
2025-06-03,153,type2,2
2025-06-04,154,type2,0
2025-06-05,155,type2,2
2025-06-06,156,type2,0
2025-06-07,157,type2,1
2025-06-08,158,type2,0
2025-06-09,159,type2,0
2025-06-10,160,type2,0
2025-06-11,161,type2,0
2025-06-12,162,type2,0
2025-06-13,163,type2,0
2025-06-14,164,type2,1
2025-06-15,165,type2,0
2025-06-16,166,type2,0
2025-06-17,167,type2,1
2025-06-18,168,type2,1
2025-06-19,169,type2,0
2025-06-20,170,type2,1
2025-06-21,171,type2,0
2025-06-22,172,type2,1
2025-06-23,173,type2,1
2025-06-24,174,type2,1
2025-06-25,175,type2,1
2025-06-26,176,type2,1
2025-06-27,177,type2,0
2025-06-28,178,type2,0
2025-06-29,179,type2,0
2025-06-30,180,type2,1
2025-07-01,181,type2,1
2025-07-02,182,type2,1
2025-07-03,183,type2,1
2025-07-04,184,type2,1
2025-07-05,185,type2,1
2025-07-06,186,type2,0
2025-07-07,187,type2,2
2025-07-08,188,type2,1
2025-07-09,189,type2,0
2025-07-10,190,type2,0
2025-07-11,191,type2,0
2025-07-12,192,type2,0
2025-07-13,193,type2,0
2025-07-14,194,type2,0
2025-07-15,195,type2,0
2025-07-16,196,type2,1
2025-07-17,197,type2,0
2025-07-18,198,type2,0
2025-07-19,199,type2,0
2025-07-20,200,type2,0
2025-07-21,201,type2,1
2025-07-22,202,type2,0
2025-07-23,203,type2,0
2025-07-24,204,type2,0
2025-07-25,205,type2,0
2025-07-26,206,type2,1
2025-07-27,207,type2,0
2025-07-28,208,type2,0
2025-07-29,209,type2,0
2025-07-30,210,type2,0
2025-07-31,211,type2,0
2025-08-01,212,type2,1
2025-08-02,213,type2,0
2025-08-03,214,type2,1
2025-08-04,215,type2,0
2025-08-05,216,type2,0
2025-08-06,217,type2,0
2025-08-07,218,type2,1
2025-08-08,219,type2,1
2025-08-09,220,type2,0
2025-08-10,221,type2,1
2025-08-11,222,type2,0
2025-08-12,223,type2,0
2025-08-13,224,type2,0
2025-08-14,225,type2,0
2025-08-15,226,type2,0
2025-08-16,227,type2,0
2025-08-17,228,type2,0
2025-08-18,229,type2,0
2025-08-19,230,type2,0
2025-08-20,231,type2,1
2025-08-21,232,type2,0
2025-08-22,233,type2,0
2025-08-23,234,type2,0
2025-08-24,235,type2,0
2025-08-25,236,type2,0
2025-08-26,237,type2,0
2025-08-27,238,type2,0
2025-08-28,239,type2,0
2025-08-29,240,type2,0
2025-08-30,241,type2,0
2025-08-31,242,type2,0
2025-09-01,243,type2,0
2025-09-02,244,type2,1
2025-09-03,245,type2,0
2025-09-04,246,type2,0
2025-09-05,247,type2,1
2025-09-06,248,type2,0
2025-09-07,249,type2,0
2025-09-08,250,type2,0
2025-09-09,251,type2,0
2025-09-10,252,type2,0
2025-09-11,253,type2,1
2025-09-12,254,type2,0
2025-09-13,255,type2,2
2025-09-14,256,type2,0
2025-09-15,257,type2,0
2025-09-16,258,type2,0
2025-09-17,259,type2,0
2025-09-18,260,type2,2
2025-09-19,261,type2,0
2025-09-20,262,type2,0
2025-09-21,263,type2,1
2025-09-22,264,type2,0
2025-09-23,265,type2,1
2025-09-24,266,type2,0
2025-09-25,267,type2,0
2025-09-26,268,type2,0
2025-09-27,269,type2,1
2025-09-28,270,type2,1
2025-09-29,271,type2,2
2025-09-30,272,type2,2
2025-10-01,273,type2,0
2025-10-02,274,type2,1
2025-10-03,275,type2,1
2025-10-04,276,type2,1
2025-10-05,277,type2,0
2025-10-06,278,type2,1
2025-10-07,279,type2,1
2025-10-08,280,type2,2
2025-10-09,281,type2,0
2025-10-10,282,type2,0
2025-10-11,283,type2,0
2025-10-12,284,type2,0
2025-10-13,285,type2,0
2025-10-14,286,type2,0
2025-10-15,287,type2,0
2025-10-16,288,type2,1
2025-10-17,289,type2,1
2025-10-18,290,type2,0
2025-10-19,291,type2,0
2025-10-20,292,type2,0
2025-10-21,293,type2,0
2025-10-22,294,type2,0
2025-10-23,295,type2,1
2025-10-24,296,type2,1
2025-10-25,297,type2,0
2025-10-26,298,type2,0
2025-10-27,299,type2,0
2025-10-28,300,type2,1
2025-10-29,301,type2,0
2025-10-30,302,type2,1
2025-10-31,303,type2,0
2025-11-01,304,type2,0
2025-11-02,305,type2,1
2025-11-03,306,type2,0
2025-11-04,307,type2,1
2025-11-05,308,type2,0
2025-11-06,309,type2,0
2025-11-07,310,type2,1
2025-11-08,311,type2,0
2025-11-09,312,type2,0
2025-11-10,313,type2,0
2025-11-11,314,type2,0
2025-11-12,315,type2,0
2025-11-13,316,type2,0
2025-11-14,317,type2,1
2025-11-15,318,type2,0
2025-11-16,319,type2,0
2025-11-17,320,type2,0
2025-11-18,321,type2,1
2025-11-19,322,type2,1
2025-11-20,323,type2,0
2025-11-21,324,type2,0
2025-11-22,325,type2,1
2025-11-23,326,type2,0
2025-11-24,327,type2,0
2025-11-25,328,type2,0
2025-11-26,329,type2,0
2025-11-27,330,type2,0
2025-11-28,331,type2,0
2025-11-29,332,type2,1
2025-11-30,333,type2,0
2025-12-01,334,type2,0
2025-12-02,335,type2,0
2025-12-03,336,type2,0
2025-12-04,337,type2,0
2025-12-05,338,type2,0
2025-12-06,339,type2,0
2025-12-07,340,type2,0
2025-12-08,341,type2,0
2025-12-09,342,type2,0
2025-12-10,343,type2,0
2025-12-11,344,type2,0
2025-12-12,345,type2,0
2025-12-13,346,type2,0
2025-12-14,347,type2,0
2025-12-15,348,type2,0
2025-12-16,349,type2,0
2025-12-17,350,type2,2
2025-12-18,351,type2,0
2025-12-19,352,type2,0
2025-12-20,353,type2,0
2025-12-21,354,type2,0
2025-12-22,355,type2,0
2025-12-23,356,type2,0
2025-12-24,357,type2,0
2025-12-25,358,type2,0
2025-12-26,359,type2,0
2025-12-27,360,type2,0
2025-12-28,361,type2,0
2025-12-29,362,type2,1
2025-12-30,363,type2,0
2025-12-31,364,type2,1
2025-01-01,0,type3,0
2025-01-02,1,type3,0
2025-01-03,2,type3,0
2025-01-04,3,type3,0
2025-01-05,4,type3,0
2025-01-06,5,type3,0
2025-01-07,6,type3,0
2025-01-08,7,type3,0
2025-01-09,8,type3,2
2025-01-10,9,type3,1
2025-01-11,10,type3,0
2025-01-12,11,type3,1
2025-01-13,12,type3,0
2025-01-14,13,type3,2
2025-01-15,14,type3,0
2025-01-16,15,type3,1
2025-01-17,16,type3,2
2025-01-18,17,type3,0
2025-01-19,18,type3,1
2025-01-20,19,type3,2
2025-01-21,20,type3,0
2025-01-22,21,type3,2
2025-01-23,22,type3,1
2025-01-24,23,type3,0
2025-01-25,24,type3,1
2025-01-26,25,type3,0
2025-01-27,26,type3,1
2025-01-28,27,type3,0
2025-01-29,28,type3,2
2025-01-30,29,type3,2
2025-01-31,30,type3,2
2025-02-01,31,type3,1
2025-02-02,32,type3,0
2025-02-03,33,type3,1
2025-02-04,34,type3,0
2025-02-05,35,type3,0
2025-02-06,36,type3,1
2025-02-07,37,type3,1
2025-02-08,38,type3,1
2025-02-09,39,type3,3
2025-02-10,40,type3,0
2025-02-11,41,type3,1
2025-02-12,42,type3,0
2025-02-13,43,type3,1
2025-02-14,44,type3,0
2025-02-15,45,type3,1
2025-02-16,46,type3,1
2025-02-17,47,type3,1
2025-02-18,48,type3,1
2025-02-19,49,type3,1
2025-02-20,50,type3,0
2025-02-21,51,type3,4
2025-02-22,52,type3,0
2025-02-23,53,type3,2
2025-02-24,54,type3,1
2025-02-25,55,type3,2
2025-02-26,56,type3,1
2025-02-27,57,type3,1
2025-02-28,58,type3,0
2025-03-01,59,type3,1
2025-03-02,60,type3,1
2025-03-03,61,type3,1
2025-03-04,62,type3,2
2025-03-05,63,type3,1
2025-03-06,64,type3,1
2025-03-07,65,type3,1
2025-03-08,66,type3,1
2025-03-09,67,type3,0
2025-03-10,68,type3,1
2025-03-11,69,type3,0
2025-03-12,70,type3,1
2025-03-13,71,type3,0
2025-03-14,72,type3,1
2025-03-15,73,type3,0
2025-03-16,74,type3,1
2025-03-17,75,type3,1
2025-03-18,76,type3,2
2025-03-19,77,type3,1
2025-03-20,78,type3,0
2025-03-21,79,type3,2
2025-03-22,80,type3,1
2025-03-23,81,type3,0
2025-03-24,82,type3,0
2025-03-25,83,type3,3
2025-03-26,84,type3,2
2025-03-27,85,type3,4
2025-03-28,86,type3,2
2025-03-29,87,type3,3
2025-03-30,88,type3,2
2025-03-31,89,type3,2
2025-04-01,90,type3,2
2025-04-02,91,type3,5
2025-04-03,92,type3,3
2025-04-04,93,type3,1
2025-04-05,94,type3,3
2025-04-06,95,type3,2
2025-04-07,96,type3,0
2025-04-08,97,type3,0
2025-04-09,98,type3,1
2025-04-10,99,type3,1
2025-04-11,100,type3,1
2025-04-12,101,type3,5
2025-04-13,102,type3,2
2025-04-14,103,type3,4
2025-04-15,104,type3,1
2025-04-16,105,type3,1
2025-04-17,106,type3,1
2025-04-18,107,type3,1
2025-04-19,108,type3,4
2025-04-20,109,type3,0
2025-04-21,110,type3,1
2025-04-22,111,type3,0
2025-04-23,112,type3,0
2025-04-24,113,type3,3
2025-04-25,114,type3,2
2025-04-26,115,type3,2
2025-04-27,116,type3,5
2025-04-28,117,type3,4
2025-04-29,118,type3,1
2025-04-30,119,type3,1
2025-05-01,120,type3,2
2025-05-02,121,type3,3
2025-05-03,122,type3,3
2025-05-04,123,type3,3
2025-05-05,124,type3,2
2025-05-06,125,type3,1
2025-05-07,126,type3,1
2025-05-08,127,type3,1
2025-05-09,128,type3,0
2025-05-10,129,type3,3
2025-05-11,130,type3,1
2025-05-12,131,type3,1
2025-05-13,132,type3,6
2025-05-14,133,type3,6
2025-05-15,134,type3,1
2025-05-16,135,type3,1
2025-05-17,136,type3,1
2025-05-18,137,type3,1
2025-05-19,138,type3,1
2025-05-20,139,type3,4
2025-05-21,140,type3,1
2025-05-22,141,type3,1
2025-05-23,142,type3,2
2025-05-24,143,type3,4
2025-05-25,144,type3,1
2025-05-26,145,type3,3
2025-05-27,146,type3,1
2025-05-28,147,type3,4
2025-05-29,148,type3,1
2025-05-30,149,type3,1
2025-05-31,150,type3,3
2025-06-01,151,type3,1
2025-06-02,152,type3,0
2025-06-03,153,type3,1
2025-06-04,154,type3,6
2025-06-05,155,type3,2
2025-06-06,156,type3,1
2025-06-07,157,type3,0
2025-06-08,158,type3,2
2025-06-09,159,type3,4
2025-06-10,160,type3,1
2025-06-11,161,type3,3
2025-06-12,162,type3,2
2025-06-13,163,type3,1
2025-06-14,164,type3,2
2025-06-15,165,type3,1
2025-06-16,166,type3,3
2025-06-17,167,type3,3
2025-06-18,168,type3,1
2025-06-19,169,type3,3
2025-06-20,170,type3,0
2025-06-21,171,type3,2
2025-06-22,172,type3,1
2025-06-23,173,type3,4
2025-06-24,174,type3,2
2025-06-25,175,type3,3
2025-06-26,176,type3,4
2025-06-27,177,type3,0
2025-06-28,178,type3,1
2025-06-29,179,type3,4
2025-06-30,180,type3,1
2025-07-01,181,type3,3
2025-07-02,182,type3,4
2025-07-03,183,type3,2
2025-07-04,184,type3,0
2025-07-05,185,type3,3
2025-07-06,186,type3,2
2025-07-07,187,type3,2
2025-07-08,188,type3,1
2025-07-09,189,type3,2
2025-07-10,190,type3,2
2025-07-11,191,type3,3
2025-07-12,192,type3,3
2025-07-13,193,type3,3
2025-07-14,194,type3,2
2025-07-15,195,type3,3
2025-07-16,196,type3,1
2025-07-17,197,type3,0
2025-07-18,198,type3,1
2025-07-19,199,type3,3
2025-07-20,200,type3,3
2025-07-21,201,type3,4
2025-07-22,202,type3,5
2025-07-23,203,type3,5
2025-07-24,204,type3,1
2025-07-25,205,type3,2
2025-07-26,206,type3,1
2025-07-27,207,type3,2
2025-07-28,208,type3,5
2025-07-29,209,type3,2
2025-07-30,210,type3,1
2025-07-31,211,type3,1
2025-08-01,212,type3,4
2025-08-02,213,type3,3
2025-08-03,214,type3,0
2025-08-04,215,type3,1
2025-08-05,216,type3,1
2025-08-06,217,type3,1
2025-08-07,218,type3,1
2025-08-08,219,type3,4
2025-08-09,220,type3,5
2025-08-10,221,type3,3
2025-08-11,222,type3,3
2025-08-12,223,type3,0
2025-08-13,224,type3,3
2025-08-14,225,type3,3
2025-08-15,226,type3,2
2025-08-16,227,type3,3
2025-08-17,228,type3,4
2025-08-18,229,type3,0
2025-08-19,230,type3,4
2025-08-20,231,type3,2
2025-08-21,232,type3,3
2025-08-22,233,type3,3
2025-08-23,234,type3,1
2025-08-24,235,type3,2
2025-08-25,236,type3,1
2025-08-26,237,type3,5
2025-08-27,238,type3,1
2025-08-28,239,type3,1
2025-08-29,240,type3,4
2025-08-30,241,type3,1
2025-08-31,242,type3,0
2025-09-01,243,type3,2
2025-09-02,244,type3,4
2025-09-03,245,type3,2
2025-09-04,246,type3,5
2025-09-05,247,type3,2
2025-09-06,248,type3,3
2025-09-07,249,type3,2
2025-09-08,250,type3,4
2025-09-09,251,type3,6
2025-09-10,252,type3,3
2025-09-11,253,type3,3
2025-09-12,254,type3,1
2025-09-13,255,type3,4
2025-09-14,256,type3,1
2025-09-15,257,type3,1
2025-09-16,258,type3,2
2025-09-17,259,type3,4
2025-09-18,260,type3,1
2025-09-19,261,type3,1
2025-09-20,262,type3,2
2025-09-21,263,type3,4
2025-09-22,264,type3,3
2025-09-23,265,type3,2
2025-09-24,266,type3,6
2025-09-25,267,type3,3
2025-09-26,268,type3,1
2025-09-27,269,type3,2
2025-09-28,270,type3,5
2025-09-29,271,type3,0
2025-09-30,272,type3,4
2025-10-01,273,type3,4
2025-10-02,274,type3,0
2025-10-03,275,type3,4
2025-10-04,276,type3,4
2025-10-05,277,type3,8
2025-10-06,278,type3,5
2025-10-07,279,type3,5
2025-10-08,280,type3,3
2025-10-09,281,type3,1
2025-10-10,282,type3,3
2025-10-11,283,type3,2
2025-10-12,284,type3,2
2025-10-13,285,type3,1
2025-10-14,286,type3,3
2025-10-15,287,type3,2
2025-10-16,288,type3,5
2025-10-17,289,type3,2
2025-10-18,290,type3,3
2025-10-19,291,type3,0
2025-10-20,292,type3,5
2025-10-21,293,type3,2
2025-10-22,294,type3,2
2025-10-23,295,type3,3
2025-10-24,296,type3,2
2025-10-25,297,type3,3
2025-10-26,298,type3,3
2025-10-27,299,type3,0
2025-10-28,300,type3,2
2025-10-29,301,type3,2
2025-10-30,302,type3,3
2025-10-31,303,type3,2
2025-11-01,304,type3,5
2025-11-02,305,type3,3
2025-11-03,306,type3,3
2025-11-04,307,type3,2
2025-11-05,308,type3,5
2025-11-06,309,type3,1
2025-11-07,310,type3,5
2025-11-08,311,type3,1
2025-11-09,312,type3,2
2025-11-10,313,type3,4
2025-11-11,314,type3,4
2025-11-12,315,type3,2
2025-11-13,316,type3,2
2025-11-14,317,type3,3
2025-11-15,318,type3,5
2025-11-16,319,type3,0
2025-11-17,320,type3,1
2025-11-18,321,type3,2
2025-11-19,322,type3,4
2025-11-20,323,type3,4
2025-11-21,324,type3,2
2025-11-22,325,type3,5
2025-11-23,326,type3,3
2025-11-24,327,type3,1
2025-11-25,328,type3,7
2025-11-26,329,type3,4
2025-11-27,330,type3,5
2025-11-28,331,type3,0
2025-11-29,332,type3,2
2025-11-30,333,type3,3
2025-12-01,334,type3,4
2025-12-02,335,type3,5
2025-12-03,336,type3,3
2025-12-04,337,type3,1
2025-12-05,338,type3,0
2025-12-06,339,type3,3
2025-12-07,340,type3,4
2025-12-08,341,type3,5
2025-12-09,342,type3,4
2025-12-10,343,type3,1
2025-12-11,344,type3,1
2025-12-12,345,type3,2
2025-12-13,346,type3,3
2025-12-14,347,type3,0
2025-12-15,348,type3,5
2025-12-16,349,type3,2
2025-12-17,350,type3,3
2025-12-18,351,type3,2
2025-12-19,352,type3,2
2025-12-20,353,type3,3
2025-12-21,354,type3,4
2025-12-22,355,type3,3
2025-12-23,356,type3,3
2025-12-24,357,type3,2
2025-12-25,358,type3,1
2025-12-26,359,type3,1
2025-12-27,360,type3,4
2025-12-28,361,type3,4
2025-12-29,362,type3,2
2025-12-30,363,type3,1
2025-12-31,364,type3,3
2025-01-01,0,type4,0
2025-01-02,1,type4,0
2025-01-03,2,type4,0
2025-01-04,3,type4,0
2025-01-05,4,type4,0
2025-01-06,5,type4,3
2025-01-07,6,type4,0
2025-01-08,7,type4,2
2025-01-09,8,type4,0
2025-01-10,9,type4,0
2025-01-11,10,type4,0
2025-01-12,11,type4,0
2025-01-13,12,type4,1
2025-01-14,13,type4,0
2025-01-15,14,type4,0
2025-01-16,15,type4,0
2025-01-17,16,type4,1
2025-01-18,17,type4,0
2025-01-19,18,type4,0
2025-01-20,19,type4,1
2025-01-21,20,type4,3
2025-01-22,21,type4,1
2025-01-23,22,type4,0
2025-01-24,23,type4,1
2025-01-25,24,type4,2
2025-01-26,25,type4,1
2025-01-27,26,type4,0
2025-01-28,27,type4,0
2025-01-29,28,type4,0
2025-01-30,29,type4,0
2025-01-31,30,type4,0
2025-02-01,31,type4,0
2025-02-02,32,type4,1
2025-02-03,33,type4,0
2025-02-04,34,type4,1
2025-02-05,35,type4,0
2025-02-06,36,type4,1
2025-02-07,37,type4,0
2025-02-08,38,type4,2
2025-02-09,39,type4,0
2025-02-10,40,type4,1
2025-02-11,41,type4,2
2025-02-12,42,type4,1
2025-02-13,43,type4,1
2025-02-14,44,type4,1
2025-02-15,45,type4,0
2025-02-16,46,type4,1
2025-02-17,47,type4,2
2025-02-18,48,type4,0
2025-02-19,49,type4,0
2025-02-20,50,type4,4
2025-02-21,51,type4,2
2025-02-22,52,type4,0
2025-02-23,53,type4,0
2025-02-24,54,type4,2
2025-02-25,55,type4,1
2025-02-26,56,type4,2
2025-02-27,57,type4,4
2025-02-28,58,type4,3
2025-03-01,59,type4,0
2025-03-02,60,type4,1
2025-03-03,61,type4,3
2025-03-04,62,type4,1
2025-03-05,63,type4,0
2025-03-06,64,type4,3
2025-03-07,65,type4,2
2025-03-08,66,type4,1
2025-03-09,67,type4,1
2025-03-10,68,type4,1
2025-03-11,69,type4,1
2025-03-12,70,type4,0
2025-03-13,71,type4,1
2025-03-14,72,type4,0
2025-03-15,73,type4,0
2025-03-16,74,type4,2
2025-03-17,75,type4,2
2025-03-18,76,type4,0
2025-03-19,77,type4,0
2025-03-20,78,type4,1
2025-03-21,79,type4,1
2025-03-22,80,type4,1
2025-03-23,81,type4,3
2025-03-24,82,type4,2
2025-03-25,83,type4,2
2025-03-26,84,type4,3
2025-03-27,85,type4,1
2025-03-28,86,type4,1
2025-03-29,87,type4,2
2025-03-30,88,type4,2
2025-03-31,89,type4,2
2025-04-01,90,type4,1
2025-04-02,91,type4,0
2025-04-03,92,type4,3
2025-04-04,93,type4,1
2025-04-05,94,type4,3
2025-04-06,95,type4,1
2025-04-07,96,type4,0
2025-04-08,97,type4,1
2025-04-09,98,type4,2
2025-04-10,99,type4,2
2025-04-11,100,type4,1
2025-04-12,101,type4,1
2025-04-13,102,type4,0
2025-04-14,103,type4,1
2025-04-15,104,type4,3
2025-04-16,105,type4,2
2025-04-17,106,type4,0
2025-04-18,107,type4,1
2025-04-19,108,type4,1
2025-04-20,109,type4,3
2025-04-21,110,type4,3
2025-04-22,111,type4,1
2025-04-23,112,type4,3
2025-04-24,113,type4,2
2025-04-25,114,type4,2
2025-04-26,115,type4,0
2025-04-27,116,type4,3
2025-04-28,117,type4,0
2025-04-29,118,type4,1
2025-04-30,119,type4,2
2025-05-01,120,type4,2
2025-05-02,121,type4,1
2025-05-03,122,type4,2
2025-05-04,123,type4,1
2025-05-05,124,type4,1
2025-05-06,125,type4,2
2025-05-07,126,type4,1
2025-05-08,127,type4,0
2025-05-09,128,type4,3
2025-05-10,129,type4,0
2025-05-11,130,type4,1
2025-05-12,131,type4,4
2025-05-13,132,type4,0
2025-05-14,133,type4,2
2025-05-15,134,type4,1
2025-05-16,135,type4,0
2025-05-17,136,type4,0
2025-05-18,137,type4,2
2025-05-19,138,type4,1
2025-05-20,139,type4,0
2025-05-21,140,type4,1
2025-05-22,141,type4,2
2025-05-23,142,type4,2
2025-05-24,143,type4,1
2025-05-25,144,type4,2
2025-05-26,145,type4,2
2025-05-27,146,type4,4
2025-05-28,147,type4,0
2025-05-29,148,type4,0
2025-05-30,149,type4,4
2025-05-31,150,type4,0
2025-06-01,151,type4,2
2025-06-02,152,type4,0
2025-06-03,153,type4,2
2025-06-04,154,type4,0
2025-06-05,155,type4,1
2025-06-06,156,type4,2
2025-06-07,157,type4,0
2025-06-08,158,type4,1
2025-06-09,159,type4,0
2025-06-10,160,type4,3
2025-06-11,161,type4,1
2025-06-12,162,type4,2
2025-06-13,163,type4,2
2025-06-14,164,type4,0
2025-06-15,165,type4,6
2025-06-16,166,type4,5
2025-06-17,167,type4,2
2025-06-18,168,type4,2
2025-06-19,169,type4,0
2025-06-20,170,type4,0
2025-06-21,171,type4,1
2025-06-22,172,type4,3
2025-06-23,173,type4,0
2025-06-24,174,type4,1
2025-06-25,175,type4,1
2025-06-26,176,type4,1
2025-06-27,177,type4,2
2025-06-28,178,type4,1
2025-06-29,179,type4,2
2025-06-30,180,type4,0
2025-07-01,181,type4,1
2025-07-02,182,type4,2
2025-07-03,183,type4,0
2025-07-04,184,type4,1
2025-07-05,185,type4,2
2025-07-06,186,type4,2
2025-07-07,187,type4,1
2025-07-08,188,type4,1
2025-07-09,189,type4,3
2025-07-10,190,type4,2
2025-07-11,191,type4,1
2025-07-12,192,type4,3
2025-07-13,193,type4,3
2025-07-14,194,type4,1
2025-07-15,195,type4,3
2025-07-16,196,type4,0
2025-07-17,197,type4,1
2025-07-18,198,type4,1
2025-07-19,199,type4,2
2025-07-20,200,type4,1
2025-07-21,201,type4,3
2025-07-22,202,type4,3
2025-07-23,203,type4,2
2025-07-24,204,type4,2
2025-07-25,205,type4,3
2025-07-26,206,type4,3
2025-07-27,207,type4,0
2025-07-28,208,type4,1
2025-07-29,209,type4,2
2025-07-30,210,type4,3
2025-07-31,211,type4,7
2025-08-01,212,type4,3
2025-08-02,213,type4,1
2025-08-03,214,type4,1
2025-08-04,215,type4,1
2025-08-05,216,type4,0
2025-08-06,217,type4,0
2025-08-07,218,type4,1
2025-08-08,219,type4,2
2025-08-09,220,type4,3
2025-08-10,221,type4,3
2025-08-11,222,type4,5
2025-08-12,223,type4,6
2025-08-13,224,type4,3
2025-08-14,225,type4,3
2025-08-15,226,type4,3
2025-08-16,227,type4,4
2025-08-17,228,type4,4
2025-08-18,229,type4,3
2025-08-19,230,type4,1
2025-08-20,231,type4,0
2025-08-21,232,type4,0
2025-08-22,233,type4,1
2025-08-23,234,type4,4
2025-08-24,235,type4,0
2025-08-25,236,type4,0
2025-08-26,237,type4,2
2025-08-27,238,type4,1
2025-08-28,239,type4,0
2025-08-29,240,type4,2
2025-08-30,241,type4,2
2025-08-31,242,type4,2
2025-09-01,243,type4,2
2025-09-02,244,type4,2
2025-09-03,245,type4,1
2025-09-04,246,type4,1
2025-09-05,247,type4,1
2025-09-06,248,type4,5
2025-09-07,249,type4,0
2025-09-08,250,type4,0
2025-09-09,251,type4,1
2025-09-10,252,type4,2
2025-09-11,253,type4,1
2025-09-12,254,type4,1
2025-09-13,255,type4,3
2025-09-14,256,type4,1
2025-09-15,257,type4,1
2025-09-16,258,type4,4
2025-09-17,259,type4,2
2025-09-18,260,type4,1
2025-09-19,261,type4,5
2025-09-20,262,type4,2
2025-09-21,263,type4,1
2025-09-22,264,type4,0
2025-09-23,265,type4,0
2025-09-24,266,type4,2
2025-09-25,267,type4,0
2025-09-26,268,type4,1
2025-09-27,269,type4,2
2025-09-28,270,type4,3
2025-09-29,271,type4,2
2025-09-30,272,type4,1
2025-10-01,273,type4,1
2025-10-02,274,type4,2
2025-10-03,275,type4,2
2025-10-04,276,type4,4
2025-10-05,277,type4,3
2025-10-06,278,type4,4
2025-10-07,279,type4,1
2025-10-08,280,type4,2
2025-10-09,281,type4,3
2025-10-10,282,type4,4
2025-10-11,283,type4,1
2025-10-12,284,type4,0
2025-10-13,285,type4,2
2025-10-14,286,type4,4
2025-10-15,287,type4,1
2025-10-16,288,type4,1
2025-10-17,289,type4,5
2025-10-18,290,type4,4
2025-10-19,291,type4,4
2025-10-20,292,type4,2
2025-10-21,293,type4,1
2025-10-22,294,type4,3
2025-10-23,295,type4,1
2025-10-24,296,type4,2
2025-10-25,297,type4,1
2025-10-26,298,type4,2
2025-10-27,299,type4,0
2025-10-28,300,type4,0
2025-10-29,301,type4,1
2025-10-30,302,type4,3
2025-10-31,303,type4,2
2025-11-01,304,type4,5
2025-11-02,305,type4,3
2025-11-03,306,type4,0
2025-11-04,307,type4,2
2025-11-05,308,type4,1
2025-11-06,309,type4,5
2025-11-07,310,type4,0
2025-11-08,311,type4,4
2025-11-09,312,type4,2
2025-11-10,313,type4,0
2025-11-11,314,type4,2
2025-11-12,315,type4,4
2025-11-13,316,type4,1
2025-11-14,317,type4,2
2025-11-15,318,type4,0
2025-11-16,319,type4,3
2025-11-17,320,type4,1
2025-11-18,321,type4,2
2025-11-19,322,type4,3
2025-11-20,323,type4,2
2025-11-21,324,type4,3
2025-11-22,325,type4,0
2025-11-23,326,type4,4
2025-11-24,327,type4,0
2025-11-25,328,type4,4
2025-11-26,329,type4,1
2025-11-27,330,type4,2
2025-11-28,331,type4,3
2025-11-29,332,type4,3
2025-11-30,333,type4,1
2025-12-01,334,type4,3
2025-12-02,335,type4,3
2025-12-03,336,type4,5
2025-12-04,337,type4,3
2025-12-05,338,type4,3
2025-12-06,339,type4,6
2025-12-07,340,type4,0
2025-12-08,341,type4,1
2025-12-09,342,type4,0
2025-12-10,343,type4,1
2025-12-11,344,type4,3
2025-12-12,345,type4,4
2025-12-13,346,type4,1
2025-12-14,347,type4,0
2025-12-15,348,type4,4
2025-12-16,349,type4,3
2025-12-17,350,type4,2
2025-12-18,351,type4,5
2025-12-19,352,type4,2
2025-12-20,353,type4,4
2025-12-21,354,type4,2
2025-12-22,355,type4,3
2025-12-23,356,type4,3
2025-12-24,357,type4,3
2025-12-25,358,type4,4
2025-12-26,359,type4,6
2025-12-27,360,type4,4
2025-12-28,361,type4,1
2025-12-29,362,type4,4
2025-12-30,363,type4,2
2025-12-31,364,type4,1
2025-01-01,0,type5,1
2025-01-02,1,type5,0
2025-01-03,2,type5,0
2025-01-04,3,type5,8
2025-01-05,4,type5,5
2025-01-06,5,type5,3
2025-01-07,6,type5,6
2025-01-08,7,type5,5
2025-01-09,8,type5,6
2025-01-10,9,type5,2
2025-01-11,10,type5,3
2025-01-12,11,type5,1
2025-01-13,12,type5,2
2025-01-14,13,type5,7
2025-01-15,14,type5,1
2025-01-16,15,type5,3
2025-01-17,16,type5,3
2025-01-18,17,type5,3
2025-01-19,18,type5,2
2025-01-20,19,type5,3
2025-01-21,20,type5,2
2025-01-22,21,type5,4
2025-01-23,22,type5,1
2025-01-24,23,type5,5
2025-01-25,24,type5,3
2025-01-26,25,type5,1
2025-01-27,26,type5,5
2025-01-28,27,type5,2
2025-01-29,28,type5,1
2025-01-30,29,type5,3
2025-01-31,30,type5,1
2025-02-01,31,type5,2
2025-02-02,32,type5,3
2025-02-03,33,type5,3
2025-02-04,34,type5,1
2025-02-05,35,type5,3
2025-02-06,36,type5,3
2025-02-07,37,type5,1
2025-02-08,38,type5,2
2025-02-09,39,type5,3
2025-02-10,40,type5,0
2025-02-11,41,type5,1
2025-02-12,42,type5,0
2025-02-13,43,type5,2
2025-02-14,44,type5,5
2025-02-15,45,type5,2
2025-02-16,46,type5,0
2025-02-17,47,type5,0
2025-02-18,48,type5,2
2025-02-19,49,type5,2
2025-02-20,50,type5,1
2025-02-21,51,type5,1
2025-02-22,52,type5,0
2025-02-23,53,type5,0
2025-02-24,54,type5,2
2025-02-25,55,type5,2
2025-02-26,56,type5,1
2025-02-27,57,type5,1
2025-02-28,58,type5,3
2025-03-01,59,type5,0
2025-03-02,60,type5,0
2025-03-03,61,type5,2
2025-03-04,62,type5,2
2025-03-05,63,type5,2
2025-03-06,64,type5,2
2025-03-07,65,type5,1
2025-03-08,66,type5,1
2025-03-09,67,type5,1
2025-03-10,68,type5,2
2025-03-11,69,type5,1
2025-03-12,70,type5,2
2025-03-13,71,type5,0
2025-03-14,72,type5,0
2025-03-15,73,type5,1
2025-03-16,74,type5,0
2025-03-17,75,type5,3
2025-03-18,76,type5,1
2025-03-19,77,type5,2
2025-03-20,78,type5,1
2025-03-21,79,type5,1
2025-03-22,80,type5,2
2025-03-23,81,type5,0
2025-03-24,82,type5,2
2025-03-25,83,type5,0
2025-03-26,84,type5,2
2025-03-27,85,type5,2
2025-03-28,86,type5,0
2025-03-29,87,type5,2
2025-03-30,88,type5,2
2025-03-31,89,type5,0
2025-04-01,90,type5,0
2025-04-02,91,type5,0
2025-04-03,92,type5,0
2025-04-04,93,type5,1
2025-04-05,94,type5,2
2025-04-06,95,type5,4
2025-04-07,96,type5,0
2025-04-08,97,type5,3
2025-04-09,98,type5,1
2025-04-10,99,type5,2
2025-04-11,100,type5,0
2025-04-12,101,type5,0
2025-04-13,102,type5,2
2025-04-14,103,type5,1
2025-04-15,104,type5,3
2025-04-16,105,type5,1
2025-04-17,106,type5,0
2025-04-18,107,type5,3
2025-04-19,108,type5,1
2025-04-20,109,type5,1
2025-04-21,110,type5,0
2025-04-22,111,type5,3
2025-04-23,112,type5,0
2025-04-24,113,type5,1
2025-04-25,114,type5,0
2025-04-26,115,type5,2
2025-04-27,116,type5,2
2025-04-28,117,type5,0
2025-04-29,118,type5,0
2025-04-30,119,type5,0
2025-05-01,120,type5,2
2025-05-02,121,type5,0
2025-05-03,122,type5,0
2025-05-04,123,type5,0
2025-05-05,124,type5,3
2025-05-06,125,type5,2
2025-05-07,126,type5,2
2025-05-08,127,type5,1
2025-05-09,128,type5,1
2025-05-10,129,type5,0
2025-05-11,130,type5,1
2025-05-12,131,type5,0
2025-05-13,132,type5,1
2025-05-14,133,type5,0
2025-05-15,134,type5,1
2025-05-16,135,type5,1
2025-05-17,136,type5,0
2025-05-18,137,type5,0
2025-05-19,138,type5,0
2025-05-20,139,type5,0
2025-05-21,140,type5,1
2025-05-22,141,type5,2
2025-05-23,142,type5,2
2025-05-24,143,type5,0
2025-05-25,144,type5,0
2025-05-26,145,type5,0
2025-05-27,146,type5,0
2025-05-28,147,type5,0
2025-05-29,148,type5,1
2025-05-30,149,type5,1
2025-05-31,150,type5,1
2025-06-01,151,type5,0
2025-06-02,152,type5,0
2025-06-03,153,type5,0
2025-06-04,154,type5,0
2025-06-05,155,type5,0
2025-06-06,156,type5,1
2025-06-07,157,type5,1
2025-06-08,158,type5,0
2025-06-09,159,type5,1
2025-06-10,160,type5,0
2025-06-11,161,type5,0
2025-06-12,162,type5,3
2025-06-13,163,type5,1
2025-06-14,164,type5,1
2025-06-15,165,type5,0
2025-06-16,166,type5,1
2025-06-17,167,type5,2
2025-06-18,168,type5,2
2025-06-19,169,type5,1
2025-06-20,170,type5,0
2025-06-21,171,type5,1
2025-06-22,172,type5,0
2025-06-23,173,type5,0
2025-06-24,174,type5,1
2025-06-25,175,type5,0
2025-06-26,176,type5,1
2025-06-27,177,type5,0
2025-06-28,178,type5,0
2025-06-29,179,type5,2
2025-06-30,180,type5,2
2025-07-01,181,type5,0
2025-07-02,182,type5,0
2025-07-03,183,type5,0
2025-07-04,184,type5,0
2025-07-05,185,type5,4
2025-07-06,186,type5,0
2025-07-07,187,type5,0
2025-07-08,188,type5,0
2025-07-09,189,type5,1
2025-07-10,190,type5,1
2025-07-11,191,type5,0
2025-07-12,192,type5,0
2025-07-13,193,type5,0
2025-07-14,194,type5,0
2025-07-15,195,type5,0
2025-07-16,196,type5,0
2025-07-17,197,type5,0
2025-07-18,198,type5,0
2025-07-19,199,type5,0
2025-07-20,200,type5,0
2025-07-21,201,type5,1
2025-07-22,202,type5,0
2025-07-23,203,type5,1
2025-07-24,204,type5,1
2025-07-25,205,type5,0
2025-07-26,206,type5,0
2025-07-27,207,type5,1
2025-07-28,208,type5,1
2025-07-29,209,type5,0
2025-07-30,210,type5,0
2025-07-31,211,type5,0
2025-08-01,212,type5,1
2025-08-02,213,type5,0
2025-08-03,214,type5,1
2025-08-04,215,type5,3
2025-08-05,216,type5,1
2025-08-06,217,type5,1
2025-08-07,218,type5,1
2025-08-08,219,type5,1
2025-08-09,220,type5,1
2025-08-10,221,type5,1
2025-08-11,222,type5,0
2025-08-12,223,type5,2
2025-08-13,224,type5,1
2025-08-14,225,type5,0
2025-08-15,226,type5,0
2025-08-16,227,type5,0
2025-08-17,228,type5,1
2025-08-18,229,type5,1
2025-08-19,230,type5,0
2025-08-20,231,type5,0
2025-08-21,232,type5,0
2025-08-22,233,type5,2
2025-08-23,234,type5,0
2025-08-24,235,type5,0
2025-08-25,236,type5,2
2025-08-26,237,type5,1
2025-08-27,238,type5,0
2025-08-28,239,type5,1
2025-08-29,240,type5,0
2025-08-30,241,type5,0
2025-08-31,242,type5,0
2025-09-01,243,type5,0
2025-09-02,244,type5,1
2025-09-03,245,type5,0
2025-09-04,246,type5,0
2025-09-05,247,type5,0
2025-09-06,248,type5,1
2025-09-07,249,type5,1
2025-09-08,250,type5,0
2025-09-09,251,type5,1
2025-09-10,252,type5,0
2025-09-11,253,type5,0
2025-09-12,254,type5,0
2025-09-13,255,type5,0
2025-09-14,256,type5,0
2025-09-15,257,type5,0
2025-09-16,258,type5,1
2025-09-17,259,type5,2
2025-09-18,260,type5,0
2025-09-19,261,type5,0
2025-09-20,262,type5,0
2025-09-21,263,type5,0
2025-09-22,264,type5,1
2025-09-23,265,type5,0
2025-09-24,266,type5,0
2025-09-25,267,type5,0
2025-09-26,268,type5,1
2025-09-27,269,type5,1
2025-09-28,270,type5,1
2025-09-29,271,type5,2
2025-09-30,272,type5,0
2025-10-01,273,type5,0
2025-10-02,274,type5,0
2025-10-03,275,type5,0
2025-10-04,276,type5,1
2025-10-05,277,type5,0
2025-10-06,278,type5,2
2025-10-07,279,type5,1
2025-10-08,280,type5,0
2025-10-09,281,type5,0
2025-10-10,282,type5,1
2025-10-11,283,type5,0
2025-10-12,284,type5,0
2025-10-13,285,type5,0
2025-10-14,286,type5,0
2025-10-15,287,type5,0
2025-10-16,288,type5,0
2025-10-17,289,type5,0
2025-10-18,290,type5,0
2025-10-19,291,type5,1
2025-10-20,292,type5,0
2025-10-21,293,type5,0
2025-10-22,294,type5,0
2025-10-23,295,type5,0
2025-10-24,296,type5,1
2025-10-25,297,type5,0
2025-10-26,298,type5,2
2025-10-27,299,type5,0
2025-10-28,300,type5,2
2025-10-29,301,type5,0
2025-10-30,302,type5,0
2025-10-31,303,type5,0
2025-11-01,304,type5,0
2025-11-02,305,type5,0
2025-11-03,306,type5,0
2025-11-04,307,type5,0
2025-11-05,308,type5,2
2025-11-06,309,type5,0
2025-11-07,310,type5,0
2025-11-08,311,type5,1
2025-11-09,312,type5,0
2025-11-10,313,type5,0
2025-11-11,314,type5,1
2025-11-12,315,type5,1
2025-11-13,316,type5,0
2025-11-14,317,type5,0
2025-11-15,318,type5,1
2025-11-16,319,type5,0
2025-11-17,320,type5,0
2025-11-18,321,type5,0
2025-11-19,322,type5,0
2025-11-20,323,type5,0
2025-11-21,324,type5,0
2025-11-22,325,type5,1
2025-11-23,326,type5,0
2025-11-24,327,type5,0
2025-11-25,328,type5,2
2025-11-26,329,type5,1
2025-11-27,330,type5,0
2025-11-28,331,type5,0
2025-11-29,332,type5,0
2025-11-30,333,type5,0
2025-12-01,334,type5,0
2025-12-02,335,type5,1
2025-12-03,336,type5,0
2025-12-04,337,type5,0
2025-12-05,338,type5,0
2025-12-06,339,type5,1
2025-12-07,340,type5,0
2025-12-08,341,type5,0
2025-12-09,342,type5,0
2025-12-10,343,type5,0
2025-12-11,344,type5,0
2025-12-12,345,type5,0
2025-12-13,346,type5,0
2025-12-14,347,type5,1
2025-12-15,348,type5,0
2025-12-16,349,type5,0
2025-12-17,350,type5,0
2025-12-18,351,type5,0
2025-12-19,352,type5,0
2025-12-20,353,type5,1
2025-12-21,354,type5,1
2025-12-22,355,type5,1
2025-12-23,356,type5,0
2025-12-24,357,type5,0
2025-12-25,358,type5,0
2025-12-26,359,type5,1
2025-12-27,360,type5,0
2025-12-28,361,type5,1
2025-12-29,362,type5,2
2025-12-30,363,type5,0
2025-12-31,364,type5,1
2025-01-01,0,type6,0
2025-01-02,1,type6,0
2025-01-03,2,type6,0
2025-01-04,3,type6,1
2025-01-05,4,type6,0
2025-01-06,5,type6,0
2025-01-07,6,type6,0
2025-01-08,7,type6,0
2025-01-09,8,type6,0
2025-01-10,9,type6,1
2025-01-11,10,type6,0
2025-01-12,11,type6,1
2025-01-13,12,type6,0
2025-01-14,13,type6,3
2025-01-15,14,type6,1
2025-01-16,15,type6,0
2025-01-17,16,type6,0
2025-01-18,17,type6,0
2025-01-19,18,type6,2
2025-01-20,19,type6,0
2025-01-21,20,type6,1
2025-01-22,21,type6,0
2025-01-23,22,type6,1
2025-01-24,23,type6,1
2025-01-25,24,type6,0
2025-01-26,25,type6,1
2025-01-27,26,type6,1
2025-01-28,27,type6,2
2025-01-29,28,type6,0
2025-01-30,29,type6,0
2025-01-31,30,type6,0
2025-02-01,31,type6,0
2025-02-02,32,type6,4
2025-02-03,33,type6,1
2025-02-04,34,type6,1
2025-02-05,35,type6,3
2025-02-06,36,type6,0
2025-02-07,37,type6,2
2025-02-08,38,type6,3
2025-02-09,39,type6,1
2025-02-10,40,type6,2
2025-02-11,41,type6,2
2025-02-12,42,type6,0
2025-02-13,43,type6,2
2025-02-14,44,type6,1
2025-02-15,45,type6,1
2025-02-16,46,type6,2
2025-02-17,47,type6,0
2025-02-18,48,type6,3
2025-02-19,49,type6,3
2025-02-20,50,type6,2
2025-02-21,51,type6,0
2025-02-22,52,type6,0
2025-02-23,53,type6,1
2025-02-24,54,type6,1
2025-02-25,55,type6,1
2025-02-26,56,type6,1
2025-02-27,57,type6,3
2025-02-28,58,type6,0
2025-03-01,59,type6,0
2025-03-02,60,type6,1
2025-03-03,61,type6,0
2025-03-04,62,type6,1
2025-03-05,63,type6,2
2025-03-06,64,type6,1
2025-03-07,65,type6,2
2025-03-08,66,type6,4
2025-03-09,67,type6,3
2025-03-10,68,type6,1
2025-03-11,69,type6,2
2025-03-12,70,type6,2
2025-03-13,71,type6,0
2025-03-14,72,type6,1
2025-03-15,73,type6,1
2025-03-16,74,type6,0
2025-03-17,75,type6,1
2025-03-18,76,type6,1
2025-03-19,77,type6,4
2025-03-20,78,type6,2
2025-03-21,79,type6,0
2025-03-22,80,type6,2
2025-03-23,81,type6,3
2025-03-24,82,type6,0
2025-03-25,83,type6,1
2025-03-26,84,type6,2
2025-03-27,85,type6,1
2025-03-28,86,type6,3
2025-03-29,87,type6,2
2025-03-30,88,type6,1
2025-03-31,89,type6,1
2025-04-01,90,type6,5
2025-04-02,91,type6,4
2025-04-03,92,type6,1
2025-04-04,93,type6,1
2025-04-05,94,type6,2
2025-04-06,95,type6,0
2025-04-07,96,type6,1
2025-04-08,97,type6,0
2025-04-09,98,type6,0
2025-04-10,99,type6,2
2025-04-11,100,type6,2
2025-04-12,101,type6,3
2025-04-13,102,type6,2
2025-04-14,103,type6,5
2025-04-15,104,type6,1
2025-04-16,105,type6,2
2025-04-17,106,type6,4
2025-04-18,107,type6,1
2025-04-19,108,type6,1
2025-04-20,109,type6,1
2025-04-21,110,type6,3
2025-04-22,111,type6,4
2025-04-23,112,type6,1
2025-04-24,113,type6,0
2025-04-25,114,type6,2
2025-04-26,115,type6,2
2025-04-27,116,type6,2
2025-04-28,117,type6,4
2025-04-29,118,type6,1
2025-04-30,119,type6,0
2025-05-01,120,type6,2
2025-05-02,121,type6,3
2025-05-03,122,type6,3
2025-05-04,123,type6,2
2025-05-05,124,type6,1
2025-05-06,125,type6,0
2025-05-07,126,type6,1
2025-05-08,127,type6,1
2025-05-09,128,type6,3
2025-05-10,129,type6,2
2025-05-11,130,type6,1
2025-05-12,131,type6,5
2025-05-13,132,type6,2
2025-05-14,133,type6,4
2025-05-15,134,type6,3
2025-05-16,135,type6,1
2025-05-17,136,type6,4
2025-05-18,137,type6,2
2025-05-19,138,type6,2
2025-05-20,139,type6,1
2025-05-21,140,type6,0
2025-05-22,141,type6,3
2025-05-23,142,type6,3
2025-05-24,143,type6,6
2025-05-25,144,type6,5
2025-05-26,145,type6,0
2025-05-27,146,type6,2
2025-05-28,147,type6,1
2025-05-29,148,type6,0
2025-05-30,149,type6,1
2025-05-31,150,type6,1
2025-06-01,151,type6,3
2025-06-02,152,type6,1
2025-06-03,153,type6,2
2025-06-04,154,type6,2
2025-06-05,155,type6,0
2025-06-06,156,type6,1
2025-06-07,157,type6,2
2025-06-08,158,type6,2
2025-06-09,159,type6,0
2025-06-10,160,type6,3
2025-06-11,161,type6,2
2025-06-12,162,type6,2
2025-06-13,163,type6,3
2025-06-14,164,type6,5
2025-06-15,165,type6,4
2025-06-16,166,type6,5
2025-06-17,167,type6,1
2025-06-18,168,type6,2
2025-06-19,169,type6,2
2025-06-20,170,type6,3
2025-06-21,171,type6,1
2025-06-22,172,type6,0
2025-06-23,173,type6,1
2025-06-24,174,type6,2
2025-06-25,175,type6,1
2025-06-26,176,type6,4
2025-06-27,177,type6,1
2025-06-28,178,type6,3
2025-06-29,179,type6,4
2025-06-30,180,type6,2
2025-07-01,181,type6,3
2025-07-02,182,type6,6
2025-07-03,183,type6,2
2025-07-04,184,type6,4
2025-07-05,185,type6,2
2025-07-06,186,type6,5
2025-07-07,187,type6,1
2025-07-08,188,type6,3
2025-07-09,189,type6,3
2025-07-10,190,type6,2
2025-07-11,191,type6,4
2025-07-12,192,type6,3
2025-07-13,193,type6,3
2025-07-14,194,type6,3
2025-07-15,195,type6,1
2025-07-16,196,type6,3
2025-07-17,197,type6,3
2025-07-18,198,type6,3
2025-07-19,199,type6,1
2025-07-20,200,type6,1
2025-07-21,201,type6,2
2025-07-22,202,type6,2
2025-07-23,203,type6,0
2025-07-24,204,type6,4
2025-07-25,205,type6,4
2025-07-26,206,type6,3
2025-07-27,207,type6,1
2025-07-28,208,type6,2
2025-07-29,209,type6,1
2025-07-30,210,type6,3
2025-07-31,211,type6,3
2025-08-01,212,type6,1
2025-08-02,213,type6,1
2025-08-03,214,type6,1
2025-08-04,215,type6,3
2025-08-05,216,type6,3
2025-08-06,217,type6,3
2025-08-07,218,type6,3
2025-08-08,219,type6,2
2025-08-09,220,type6,5
2025-08-10,221,type6,1
2025-08-11,222,type6,2
2025-08-12,223,type6,2
2025-08-13,224,type6,3
2025-08-14,225,type6,6
2025-08-15,226,type6,3
2025-08-16,227,type6,1
2025-08-17,228,type6,2
2025-08-18,229,type6,1
2025-08-19,230,type6,0
2025-08-20,231,type6,1
2025-08-21,232,type6,4
2025-08-22,233,type6,2
2025-08-23,234,type6,2
2025-08-24,235,type6,3
2025-08-25,236,type6,1
2025-08-26,237,type6,1
2025-08-27,238,type6,2
2025-08-28,239,type6,4
2025-08-29,240,type6,3
2025-08-30,241,type6,3
2025-08-31,242,type6,2
2025-09-01,243,type6,5
2025-09-02,244,type6,3
2025-09-03,245,type6,3
2025-09-04,246,type6,9
2025-09-05,247,type6,1
2025-09-06,248,type6,3
2025-09-07,249,type6,1
2025-09-08,250,type6,2
2025-09-09,251,type6,4
2025-09-10,252,type6,4
2025-09-11,253,type6,2
2025-09-12,254,type6,2
2025-09-13,255,type6,5
2025-09-14,256,type6,5
2025-09-15,257,type6,0
2025-09-16,258,type6,7
2025-09-17,259,type6,2
2025-09-18,260,type6,1
2025-09-19,261,type6,4
2025-09-20,262,type6,0
2025-09-21,263,type6,5
2025-09-22,264,type6,3
2025-09-23,265,type6,2
2025-09-24,266,type6,1
2025-09-25,267,type6,2
2025-09-26,268,type6,3
2025-09-27,269,type6,5
2025-09-28,270,type6,0
2025-09-29,271,type6,3
2025-09-30,272,type6,2
2025-10-01,273,type6,4
2025-10-02,274,type6,3
2025-10-03,275,type6,2
2025-10-04,276,type6,3
2025-10-05,277,type6,4
2025-10-06,278,type6,3
2025-10-07,279,type6,4
2025-10-08,280,type6,1
2025-10-09,281,type6,4
2025-10-10,282,type6,3
2025-10-11,283,type6,5
2025-10-12,284,type6,3
2025-10-13,285,type6,2
2025-10-14,286,type6,2
2025-10-15,287,type6,2
2025-10-16,288,type6,4
2025-10-17,289,type6,3
2025-10-18,290,type6,0
2025-10-19,291,type6,2
2025-10-20,292,type6,2
2025-10-21,293,type6,2
2025-10-22,294,type6,3
2025-10-23,295,type6,6
2025-10-24,296,type6,0
2025-10-25,297,type6,7
2025-10-26,298,type6,3
2025-10-27,299,type6,0
2025-10-28,300,type6,0
2025-10-29,301,type6,3
2025-10-30,302,type6,3
2025-10-31,303,type6,1
2025-11-01,304,type6,1
2025-11-02,305,type6,5
2025-11-03,306,type6,3
2025-11-04,307,type6,4
2025-11-05,308,type6,3
2025-11-06,309,type6,3
2025-11-07,310,type6,2
2025-11-08,311,type6,3
2025-11-09,312,type6,3
2025-11-10,313,type6,2
2025-11-11,314,type6,2
2025-11-12,315,type6,3
2025-11-13,316,type6,2
2025-11-14,317,type6,3
2025-11-15,318,type6,3
2025-11-16,319,type6,4
2025-11-17,320,type6,1
2025-11-18,321,type6,5
2025-11-19,322,type6,2
2025-11-20,323,type6,7
2025-11-21,324,type6,2
2025-11-22,325,type6,1
2025-11-23,326,type6,2
2025-11-24,327,type6,1
2025-11-25,328,type6,1
2025-11-26,329,type6,3
2025-11-27,330,type6,3
2025-11-28,331,type6,2
2025-11-29,332,type6,5
2025-11-30,333,type6,0
2025-12-01,334,type6,7
2025-12-02,335,type6,5
2025-12-03,336,type6,3
2025-12-04,337,type6,4
2025-12-05,338,type6,0
2025-12-06,339,type6,5
2025-12-07,340,type6,4
2025-12-08,341,type6,3
2025-12-09,342,type6,2
2025-12-10,343,type6,4
2025-12-11,344,type6,2
2025-12-12,345,type6,2
2025-12-13,346,type6,6
2025-12-14,347,type6,2
2025-12-15,348,type6,2
2025-12-16,349,type6,3
2025-12-17,350,type6,2
2025-12-18,351,type6,6
2025-12-19,352,type6,2
2025-12-20,353,type6,2
2025-12-21,354,type6,6
2025-12-22,355,type6,0
2025-12-23,356,type6,3
2025-12-24,357,type6,1
2025-12-25,358,type6,4
2025-12-26,359,type6,2
2025-12-27,360,type6,6
2025-12-28,361,type6,3
2025-12-29,362,type6,2
2025-12-30,363,type6,4
2025-12-31,364,type6,3
2025-01-01,0,type7,0
2025-01-02,1,type7,1
2025-01-03,2,type7,0
2025-01-04,3,type7,0
2025-01-05,4,type7,1
2025-01-06,5,type7,1
2025-01-07,6,type7,2
2025-01-08,7,type7,6
2025-01-09,8,type7,6
2025-01-10,9,type7,3
2025-01-11,10,type7,4
2025-01-12,11,type7,3
2025-01-13,12,type7,6
2025-01-14,13,type7,4
2025-01-15,14,type7,3
2025-01-16,15,type7,8
2025-01-17,16,type7,5
2025-01-18,17,type7,5
2025-01-19,18,type7,3
2025-01-20,19,type7,1
2025-01-21,20,type7,4
2025-01-22,21,type7,5
2025-01-23,22,type7,0
2025-01-24,23,type7,5
2025-01-25,24,type7,1
2025-01-26,25,type7,3
2025-01-27,26,type7,0
2025-01-28,27,type7,6
2025-01-29,28,type7,2
2025-01-30,29,type7,3
2025-01-31,30,type7,3
2025-02-01,31,type7,7
2025-02-02,32,type7,1
2025-02-03,33,type7,5
2025-02-04,34,type7,1
2025-02-05,35,type7,3
2025-02-06,36,type7,2
2025-02-07,37,type7,4
2025-02-08,38,type7,4
2025-02-09,39,type7,1
2025-02-10,40,type7,0
2025-02-11,41,type7,2
2025-02-12,42,type7,2
2025-02-13,43,type7,1
2025-02-14,44,type7,3
2025-02-15,45,type7,2
2025-02-16,46,type7,3
2025-02-17,47,type7,1
2025-02-18,48,type7,4
2025-02-19,49,type7,1
2025-02-20,50,type7,2
2025-02-21,51,type7,3
2025-02-22,52,type7,2
2025-02-23,53,type7,2
2025-02-24,54,type7,0
2025-02-25,55,type7,1
2025-02-26,56,type7,3
2025-02-27,57,type7,2
2025-02-28,58,type7,3
2025-03-01,59,type7,1
2025-03-02,60,type7,1
2025-03-03,61,type7,2
2025-03-04,62,type7,1
2025-03-05,63,type7,1
2025-03-06,64,type7,1
2025-03-07,65,type7,1
2025-03-08,66,type7,1
2025-03-09,67,type7,3
2025-03-10,68,type7,1
2025-03-11,69,type7,0
2025-03-12,70,type7,0
2025-03-13,71,type7,3
2025-03-14,72,type7,0
2025-03-15,73,type7,0
2025-03-16,74,type7,0
2025-03-17,75,type7,2
2025-03-18,76,type7,0
2025-03-19,77,type7,2
2025-03-20,78,type7,2
2025-03-21,79,type7,2
2025-03-22,80,type7,2
2025-03-23,81,type7,0
2025-03-24,82,type7,1
2025-03-25,83,type7,1
2025-03-26,84,type7,1
2025-03-27,85,type7,0
2025-03-28,86,type7,1
2025-03-29,87,type7,0
2025-03-30,88,type7,2
2025-03-31,89,type7,0
2025-04-01,90,type7,3
2025-04-02,91,type7,2
2025-04-03,92,type7,0
2025-04-04,93,type7,1
2025-04-05,94,type7,3
2025-04-06,95,type7,0
2025-04-07,96,type7,1
2025-04-08,97,type7,0
2025-04-09,98,type7,3
2025-04-10,99,type7,2
2025-04-11,100,type7,2
2025-04-12,101,type7,0
2025-04-13,102,type7,1
2025-04-14,103,type7,1
2025-04-15,104,type7,2
2025-04-16,105,type7,0
2025-04-17,106,type7,1
2025-04-18,107,type7,5
2025-04-19,108,type7,0
2025-04-20,109,type7,1
2025-04-21,110,type7,0
2025-04-22,111,type7,0
2025-04-23,112,type7,0
2025-04-24,113,type7,0
2025-04-25,114,type7,1
2025-04-26,115,type7,0
2025-04-27,116,type7,1
2025-04-28,117,type7,0
2025-04-29,118,type7,0
2025-04-30,119,type7,3
2025-05-01,120,type7,2
2025-05-02,121,type7,0
2025-05-03,122,type7,0
2025-05-04,123,type7,3
2025-05-05,124,type7,0
2025-05-06,125,type7,0
2025-05-07,126,type7,1
2025-05-08,127,type7,1
2025-05-09,128,type7,2
2025-05-10,129,type7,0
2025-05-11,130,type7,1
2025-05-12,131,type7,0
2025-05-13,132,type7,0
2025-05-14,133,type7,0
2025-05-15,134,type7,2
2025-05-16,135,type7,1
2025-05-17,136,type7,0
2025-05-18,137,type7,1
2025-05-19,138,type7,1
2025-05-20,139,type7,1
2025-05-21,140,type7,1
2025-05-22,141,type7,1
2025-05-23,142,type7,2
2025-05-24,143,type7,1
2025-05-25,144,type7,2
2025-05-26,145,type7,1
2025-05-27,146,type7,0
2025-05-28,147,type7,2
2025-05-29,148,type7,1
2025-05-30,149,type7,0
2025-05-31,150,type7,3
2025-06-01,151,type7,1
2025-06-02,152,type7,1
2025-06-03,153,type7,1
2025-06-04,154,type7,0
2025-06-05,155,type7,1
2025-06-06,156,type7,0
2025-06-07,157,type7,2
2025-06-08,158,type7,1
2025-06-09,159,type7,0
2025-06-10,160,type7,1
2025-06-11,161,type7,0
2025-06-12,162,type7,0
2025-06-13,163,type7,1
2025-06-14,164,type7,2
2025-06-15,165,type7,1
2025-06-16,166,type7,1
2025-06-17,167,type7,0
2025-06-18,168,type7,1
2025-06-19,169,type7,0
2025-06-20,170,type7,2
2025-06-21,171,type7,1
2025-06-22,172,type7,1
2025-06-23,173,type7,0
2025-06-24,174,type7,0
2025-06-25,175,type7,1
2025-06-26,176,type7,0
2025-06-27,177,type7,2
2025-06-28,178,type7,1
2025-06-29,179,type7,0
2025-06-30,180,type7,0
2025-07-01,181,type7,0
2025-07-02,182,type7,0
2025-07-03,183,type7,1
2025-07-04,184,type7,0
2025-07-05,185,type7,0
2025-07-06,186,type7,0
2025-07-07,187,type7,2
2025-07-08,188,type7,1
2025-07-09,189,type7,0
2025-07-10,190,type7,0
2025-07-11,191,type7,0
2025-07-12,192,type7,0
2025-07-13,193,type7,2
2025-07-14,194,type7,0
2025-07-15,195,type7,2
2025-07-16,196,type7,0
2025-07-17,197,type7,0
2025-07-18,198,type7,0
2025-07-19,199,type7,0
2025-07-20,200,type7,2
2025-07-21,201,type7,1
2025-07-22,202,type7,0
2025-07-23,203,type7,0
2025-07-24,204,type7,1
2025-07-25,205,type7,1
2025-07-26,206,type7,2
2025-07-27,207,type7,0
2025-07-28,208,type7,1
2025-07-29,209,type7,0
2025-07-30,210,type7,0
2025-07-31,211,type7,0
2025-08-01,212,type7,0
2025-08-02,213,type7,0
2025-08-03,214,type7,0
2025-08-04,215,type7,0
2025-08-05,216,type7,0
2025-08-06,217,type7,0
2025-08-07,218,type7,0
2025-08-08,219,type7,1
2025-08-09,220,type7,2
2025-08-10,221,type7,0
2025-08-11,222,type7,2
2025-08-12,223,type7,1
2025-08-13,224,type7,1
2025-08-14,225,type7,1
2025-08-15,226,type7,0
2025-08-16,227,type7,0
2025-08-17,228,type7,1
2025-08-18,229,type7,0
2025-08-19,230,type7,0
2025-08-20,231,type7,0
2025-08-21,232,type7,0
2025-08-22,233,type7,0
2025-08-23,234,type7,0
2025-08-24,235,type7,0
2025-08-25,236,type7,0
2025-08-26,237,type7,0
2025-08-27,238,type7,0
2025-08-28,239,type7,0
2025-08-29,240,type7,1
2025-08-30,241,type7,0
2025-08-31,242,type7,1
2025-09-01,243,type7,0
2025-09-02,244,type7,0
2025-09-03,245,type7,1
2025-09-04,246,type7,0
2025-09-05,247,type7,2
2025-09-06,248,type7,0
2025-09-07,249,type7,0
2025-09-08,250,type7,1
2025-09-09,251,type7,0
2025-09-10,252,type7,0
2025-09-11,253,type7,0
2025-09-12,254,type7,0
2025-09-13,255,type7,0
2025-09-14,256,type7,3
2025-09-15,257,type7,0
2025-09-16,258,type7,0
2025-09-17,259,type7,0
2025-09-18,260,type7,1
2025-09-19,261,type7,0
2025-09-20,262,type7,1
2025-09-21,263,type7,0
2025-09-22,264,type7,1
2025-09-23,265,type7,0
2025-09-24,266,type7,0
2025-09-25,267,type7,0
2025-09-26,268,type7,1
2025-09-27,269,type7,0
2025-09-28,270,type7,0
2025-09-29,271,type7,1
2025-09-30,272,type7,0
2025-10-01,273,type7,1
2025-10-02,274,type7,1
2025-10-03,275,type7,2
2025-10-04,276,type7,1
2025-10-05,277,type7,0
2025-10-06,278,type7,1
2025-10-07,279,type7,1
2025-10-08,280,type7,0
2025-10-09,281,type7,0
2025-10-10,282,type7,0
2025-10-11,283,type7,0
2025-10-12,284,type7,0
2025-10-13,285,type7,0
2025-10-14,286,type7,2
2025-10-15,287,type7,1
2025-10-16,288,type7,0
2025-10-17,289,type7,0
2025-10-18,290,type7,0
2025-10-19,291,type7,1
2025-10-20,292,type7,1
2025-10-21,293,type7,0
2025-10-22,294,type7,1
2025-10-23,295,type7,0
2025-10-24,296,type7,0
2025-10-25,297,type7,0
2025-10-26,298,type7,1
2025-10-27,299,type7,1
2025-10-28,300,type7,2
2025-10-29,301,type7,0
2025-10-30,302,type7,0
2025-10-31,303,type7,0
2025-11-01,304,type7,0
2025-11-02,305,type7,0
2025-11-03,306,type7,1
2025-11-04,307,type7,0
2025-11-05,308,type7,1
2025-11-06,309,type7,0
2025-11-07,310,type7,1
2025-11-08,311,type7,1
2025-11-09,312,type7,0
2025-11-10,313,type7,0
2025-11-11,314,type7,1
2025-11-12,315,type7,0
2025-11-13,316,type7,0
2025-11-14,317,type7,0
2025-11-15,318,type7,2
2025-11-16,319,type7,0
2025-11-17,320,type7,0
2025-11-18,321,type7,2
2025-11-19,322,type7,0
2025-11-20,323,type7,0
2025-11-21,324,type7,1
2025-11-22,325,type7,0
2025-11-23,326,type7,0
2025-11-24,327,type7,0
2025-11-25,328,type7,0
2025-11-26,329,type7,0
2025-11-27,330,type7,0
2025-11-28,331,type7,1
2025-11-29,332,type7,0
2025-11-30,333,type7,1
2025-12-01,334,type7,0
2025-12-02,335,type7,1
2025-12-03,336,type7,0
2025-12-04,337,type7,1
2025-12-05,338,type7,0
2025-12-06,339,type7,0
2025-12-07,340,type7,1
2025-12-08,341,type7,1
2025-12-09,342,type7,1
2025-12-10,343,type7,1
2025-12-11,344,type7,1
2025-12-12,345,type7,0
2025-12-13,346,type7,1
2025-12-14,347,type7,0
2025-12-15,348,type7,0
2025-12-16,349,type7,0
2025-12-17,350,type7,1
2025-12-18,351,type7,0
2025-12-19,352,type7,1
2025-12-20,353,type7,0
2025-12-21,354,type7,2
2025-12-22,355,type7,0
2025-12-23,356,type7,1
2025-12-24,357,type7,1
2025-12-25,358,type7,0
2025-12-26,359,type7,0
2025-12-27,360,type7,0
2025-12-28,361,type7,0
2025-12-29,362,type7,1
2025-12-30,363,type7,0
2025-12-31,364,type7,1
2025-01-01,0,type8,0
2025-01-02,1,type8,0
2025-01-03,2,type8,0
2025-01-04,3,type8,0
2025-01-05,4,type8,0
2025-01-06,5,type8,0
2025-01-07,6,type8,0
2025-01-08,7,type8,0
2025-01-09,8,type8,1
2025-01-10,9,type8,0
2025-01-11,10,type8,1
2025-01-12,11,type8,0
2025-01-13,12,type8,0
2025-01-14,13,type8,0
2025-01-15,14,type8,0
2025-01-16,15,type8,0
2025-01-17,16,type8,0
2025-01-18,17,type8,0
2025-01-19,18,type8,1
2025-01-20,19,type8,0
2025-01-21,20,type8,0
2025-01-22,21,type8,1
2025-01-23,22,type8,2
2025-01-24,23,type8,2
2025-01-25,24,type8,1
2025-01-26,25,type8,1
2025-01-27,26,type8,1
2025-01-28,27,type8,0
2025-01-29,28,type8,0
2025-01-30,29,type8,0
2025-01-31,30,type8,1
2025-02-01,31,type8,1
2025-02-02,32,type8,0
2025-02-03,33,type8,0
2025-02-04,34,type8,2
2025-02-05,35,type8,1
2025-02-06,36,type8,1
2025-02-07,37,type8,1
2025-02-08,38,type8,1
2025-02-09,39,type8,0
2025-02-10,40,type8,0
2025-02-11,41,type8,0
2025-02-12,42,type8,0
2025-02-13,43,type8,0
2025-02-14,44,type8,1
2025-02-15,45,type8,0
2025-02-16,46,type8,0
2025-02-17,47,type8,0
2025-02-18,48,type8,0
2025-02-19,49,type8,0
2025-02-20,50,type8,1
2025-02-21,51,type8,0
2025-02-22,52,type8,0
2025-02-23,53,type8,0
2025-02-24,54,type8,0
2025-02-25,55,type8,1
2025-02-26,56,type8,2
2025-02-27,57,type8,1
2025-02-28,58,type8,2
2025-03-01,59,type8,0
2025-03-02,60,type8,0
2025-03-03,61,type8,1
2025-03-04,62,type8,1
2025-03-05,63,type8,0
2025-03-06,64,type8,2
2025-03-07,65,type8,0
2025-03-08,66,type8,0
2025-03-09,67,type8,0
2025-03-10,68,type8,0
2025-03-11,69,type8,0
2025-03-12,70,type8,1
2025-03-13,71,type8,0
2025-03-14,72,type8,0
2025-03-15,73,type8,2
2025-03-16,74,type8,0
2025-03-17,75,type8,1
2025-03-18,76,type8,0
2025-03-19,77,type8,0
2025-03-20,78,type8,1
2025-03-21,79,type8,0
2025-03-22,80,type8,0
2025-03-23,81,type8,0
2025-03-24,82,type8,1
2025-03-25,83,type8,0
2025-03-26,84,type8,0
2025-03-27,85,type8,0
2025-03-28,86,type8,0
2025-03-29,87,type8,0
2025-03-30,88,type8,2
2025-03-31,89,type8,0
2025-04-01,90,type8,1
2025-04-02,91,type8,0
2025-04-03,92,type8,0
2025-04-04,93,type8,1
2025-04-05,94,type8,0
2025-04-06,95,type8,0
2025-04-07,96,type8,0
2025-04-08,97,type8,1
2025-04-09,98,type8,1
2025-04-10,99,type8,0
2025-04-11,100,type8,1
2025-04-12,101,type8,0
2025-04-13,102,type8,1
2025-04-14,103,type8,0
2025-04-15,104,type8,2
2025-04-16,105,type8,0
2025-04-17,106,type8,1
2025-04-18,107,type8,0
2025-04-19,108,type8,0
2025-04-20,109,type8,0
2025-04-21,110,type8,0
2025-04-22,111,type8,1
2025-04-23,112,type8,3
2025-04-24,113,type8,0
2025-04-25,114,type8,0
2025-04-26,115,type8,0
2025-04-27,116,type8,0
2025-04-28,117,type8,0
2025-04-29,118,type8,1
2025-04-30,119,type8,3
2025-05-01,120,type8,0
2025-05-02,121,type8,0
2025-05-03,122,type8,0
2025-05-04,123,type8,1
2025-05-05,124,type8,1
2025-05-06,125,type8,0
2025-05-07,126,type8,0
2025-05-08,127,type8,1
2025-05-09,128,type8,1
2025-05-10,129,type8,0
2025-05-11,130,type8,0
2025-05-12,131,type8,0
2025-05-13,132,type8,0
2025-05-14,133,type8,0
2025-05-15,134,type8,1
2025-05-16,135,type8,0
2025-05-17,136,type8,0
2025-05-18,137,type8,1
2025-05-19,138,type8,0
2025-05-20,139,type8,1
2025-05-21,140,type8,2
2025-05-22,141,type8,1
2025-05-23,142,type8,2
2025-05-24,143,type8,1
2025-05-25,144,type8,1
2025-05-26,145,type8,0
2025-05-27,146,type8,1
2025-05-28,147,type8,1
2025-05-29,148,type8,1
2025-05-30,149,type8,1
2025-05-31,150,type8,0
2025-06-01,151,type8,1
2025-06-02,152,type8,0
2025-06-03,153,type8,0
2025-06-04,154,type8,0
2025-06-05,155,type8,0
2025-06-06,156,type8,2
2025-06-07,157,type8,0
2025-06-08,158,type8,1
2025-06-09,159,type8,1
2025-06-10,160,type8,0
2025-06-11,161,type8,1
2025-06-12,162,type8,1
2025-06-13,163,type8,0
2025-06-14,164,type8,0
2025-06-15,165,type8,0
2025-06-16,166,type8,0
2025-06-17,167,type8,0
2025-06-18,168,type8,0
2025-06-19,169,type8,0
2025-06-20,170,type8,0
2025-06-21,171,type8,1
2025-06-22,172,type8,0
2025-06-23,173,type8,1
2025-06-24,174,type8,0
2025-06-25,175,type8,0
2025-06-26,176,type8,1
2025-06-27,177,type8,0
2025-06-28,178,type8,0
2025-06-29,179,type8,2
2025-06-30,180,type8,4
2025-07-01,181,type8,0
2025-07-02,182,type8,1
2025-07-03,183,type8,0
2025-07-04,184,type8,2
2025-07-05,185,type8,0
2025-07-06,186,type8,0
2025-07-07,187,type8,1
2025-07-08,188,type8,0
2025-07-09,189,type8,1
2025-07-10,190,type8,0
2025-07-11,191,type8,0
2025-07-12,192,type8,0
2025-07-13,193,type8,0
2025-07-14,194,type8,1
2025-07-15,195,type8,0
2025-07-16,196,type8,0
2025-07-17,197,type8,0
2025-07-18,198,type8,1
2025-07-19,199,type8,0
2025-07-20,200,type8,0
2025-07-21,201,type8,0
2025-07-22,202,type8,1
2025-07-23,203,type8,0
2025-07-24,204,type8,0
2025-07-25,205,type8,0
2025-07-26,206,type8,0
2025-07-27,207,type8,1
2025-07-28,208,type8,1
2025-07-29,209,type8,1
2025-07-30,210,type8,1
2025-07-31,211,type8,0
2025-08-01,212,type8,1
2025-08-02,213,type8,0
2025-08-03,214,type8,1
2025-08-04,215,type8,1
2025-08-05,216,type8,0
2025-08-06,217,type8,1
2025-08-07,218,type8,0
2025-08-08,219,type8,2
2025-08-09,220,type8,0
2025-08-10,221,type8,0
2025-08-11,222,type8,0
2025-08-12,223,type8,0
2025-08-13,224,type8,1
2025-08-14,225,type8,0
2025-08-15,226,type8,0
2025-08-16,227,type8,0
2025-08-17,228,type8,2
2025-08-18,229,type8,1
2025-08-19,230,type8,0
2025-08-20,231,type8,1
2025-08-21,232,type8,0
2025-08-22,233,type8,0
2025-08-23,234,type8,1
2025-08-24,235,type8,0
2025-08-25,236,type8,0
2025-08-26,237,type8,2
2025-08-27,238,type8,0
2025-08-28,239,type8,2
2025-08-29,240,type8,1
2025-08-30,241,type8,0
2025-08-31,242,type8,0
2025-09-01,243,type8,0
2025-09-02,244,type8,0
2025-09-03,245,type8,0
2025-09-04,246,type8,2
2025-09-05,247,type8,1
2025-09-06,248,type8,1
2025-09-07,249,type8,0
2025-09-08,250,type8,0
2025-09-09,251,type8,1
2025-09-10,252,type8,0
2025-09-11,253,type8,0
2025-09-12,254,type8,2
2025-09-13,255,type8,0
2025-09-14,256,type8,1
2025-09-15,257,type8,1
2025-09-16,258,type8,2
2025-09-17,259,type8,0
2025-09-18,260,type8,0
2025-09-19,261,type8,1
2025-09-20,262,type8,0
2025-09-21,263,type8,0
2025-09-22,264,type8,1
2025-09-23,265,type8,0
2025-09-24,266,type8,0
2025-09-25,267,type8,0
2025-09-26,268,type8,0
2025-09-27,269,type8,0
2025-09-28,270,type8,1
2025-09-29,271,type8,1
2025-09-30,272,type8,0
2025-10-01,273,type8,0
2025-10-02,274,type8,1
2025-10-03,275,type8,0
2025-10-04,276,type8,0
2025-10-05,277,type8,0
2025-10-06,278,type8,0
2025-10-07,279,type8,1
2025-10-08,280,type8,3
2025-10-09,281,type8,0
2025-10-10,282,type8,0
2025-10-11,283,type8,1
2025-10-12,284,type8,0
2025-10-13,285,type8,1
2025-10-14,286,type8,0
2025-10-15,287,type8,0
2025-10-16,288,type8,0
2025-10-17,289,type8,0
2025-10-18,290,type8,1
2025-10-19,291,type8,0
2025-10-20,292,type8,1
2025-10-21,293,type8,0
2025-10-22,294,type8,0
2025-10-23,295,type8,0
2025-10-24,296,type8,0
2025-10-25,297,type8,1
2025-10-26,298,type8,2
2025-10-27,299,type8,2
2025-10-28,300,type8,0
2025-10-29,301,type8,0
2025-10-30,302,type8,0
2025-10-31,303,type8,0
2025-11-01,304,type8,1
2025-11-02,305,type8,0
2025-11-03,306,type8,2
2025-11-04,307,type8,0
2025-11-05,308,type8,0
2025-11-06,309,type8,0
2025-11-07,310,type8,0
2025-11-08,311,type8,0
2025-11-09,312,type8,0
2025-11-10,313,type8,1
2025-11-11,314,type8,0
2025-11-12,315,type8,1
2025-11-13,316,type8,0
2025-11-14,317,type8,0
2025-11-15,318,type8,0
2025-11-16,319,type8,1
2025-11-17,320,type8,1
2025-11-18,321,type8,1
2025-11-19,322,type8,1
2025-11-20,323,type8,1
2025-11-21,324,type8,0
2025-11-22,325,type8,2
2025-11-23,326,type8,1
2025-11-24,327,type8,0
2025-11-25,328,type8,0
2025-11-26,329,type8,0
2025-11-27,330,type8,0
2025-11-28,331,type8,0
2025-11-29,332,type8,1
2025-11-30,333,type8,0
2025-12-01,334,type8,0
2025-12-02,335,type8,1
2025-12-03,336,type8,1
2025-12-04,337,type8,0
2025-12-05,338,type8,1
2025-12-06,339,type8,1
2025-12-07,340,type8,1
2025-12-08,341,type8,1
2025-12-09,342,type8,2
2025-12-10,343,type8,0
2025-12-11,344,type8,1
2025-12-12,345,type8,0
2025-12-13,346,type8,0
2025-12-14,347,type8,1
2025-12-15,348,type8,0
2025-12-16,349,type8,1
2025-12-17,350,type8,1
2025-12-18,351,type8,1
2025-12-19,352,type8,0
2025-12-20,353,type8,0
2025-12-21,354,type8,1
2025-12-22,355,type8,1
2025-12-23,356,type8,0
2025-12-24,357,type8,0
2025-12-25,358,type8,0
2025-12-26,359,type8,0
2025-12-27,360,type8,2
2025-12-28,361,type8,0
2025-12-29,362,type8,1
2025-12-30,363,type8,0
2025-12-31,364,type8,2
2025-01-01,0,type9,0
2025-01-02,1,type9,0
2025-01-03,2,type9,2
2025-01-04,3,type9,3
2025-01-05,4,type9,2
2025-01-06,5,type9,4
2025-01-07,6,type9,6
2025-01-08,7,type9,3
2025-01-09,8,type9,5
2025-01-10,9,type9,5
2025-01-11,10,type9,6
2025-01-12,11,type9,2
2025-01-13,12,type9,4
2025-01-14,13,type9,5
2025-01-15,14,type9,5
2025-01-16,15,type9,8
2025-01-17,16,type9,5
2025-01-18,17,type9,3
2025-01-19,18,type9,2
2025-01-20,19,type9,3
2025-01-21,20,type9,3
2025-01-22,21,type9,1
2025-01-23,22,type9,1
2025-01-24,23,type9,3
2025-01-25,24,type9,5
2025-01-26,25,type9,7
2025-01-27,26,type9,2
2025-01-28,27,type9,2
2025-01-29,28,type9,3
2025-01-30,29,type9,1
2025-01-31,30,type9,1
2025-02-01,31,type9,4
2025-02-02,32,type9,2
2025-02-03,33,type9,4
2025-02-04,34,type9,0
2025-02-05,35,type9,2
2025-02-06,36,type9,2
2025-02-07,37,type9,3
2025-02-08,38,type9,4
2025-02-09,39,type9,2
2025-02-10,40,type9,4
2025-02-11,41,type9,1
2025-02-12,42,type9,3
2025-02-13,43,type9,0
2025-02-14,44,type9,2
2025-02-15,45,type9,0
2025-02-16,46,type9,2
2025-02-17,47,type9,1
2025-02-18,48,type9,5
2025-02-19,49,type9,3
2025-02-20,50,type9,1
2025-02-21,51,type9,1
2025-02-22,52,type9,5
2025-02-23,53,type9,3
2025-02-24,54,type9,1
2025-02-25,55,type9,6
2025-02-26,56,type9,3
2025-02-27,57,type9,5
2025-02-28,58,type9,5
2025-03-01,59,type9,0
2025-03-02,60,type9,3
2025-03-03,61,type9,2
2025-03-04,62,type9,1
2025-03-05,63,type9,2
2025-03-06,64,type9,4
2025-03-07,65,type9,1
2025-03-08,66,type9,2
2025-03-09,67,type9,2
2025-03-10,68,type9,0
2025-03-11,69,type9,3
2025-03-12,70,type9,1
2025-03-13,71,type9,4
2025-03-14,72,type9,3
2025-03-15,73,type9,2
2025-03-16,74,type9,1
2025-03-17,75,type9,3
2025-03-18,76,type9,3
2025-03-19,77,type9,1
2025-03-20,78,type9,2
2025-03-21,79,type9,5
2025-03-22,80,type9,2
2025-03-23,81,type9,2
2025-03-24,82,type9,3
2025-03-25,83,type9,2
2025-03-26,84,type9,4
2025-03-27,85,type9,2
2025-03-28,86,type9,2
2025-03-29,87,type9,2
2025-03-30,88,type9,1
2025-03-31,89,type9,3
2025-04-01,90,type9,2
2025-04-02,91,type9,1
2025-04-03,92,type9,2
2025-04-04,93,type9,1
2025-04-05,94,type9,5
2025-04-06,95,type9,1
2025-04-07,96,type9,3
2025-04-08,97,type9,1
2025-04-09,98,type9,1
2025-04-10,99,type9,1
2025-04-11,100,type9,3
2025-04-12,101,type9,3
2025-04-13,102,type9,2
2025-04-14,103,type9,1
2025-04-15,104,type9,3
2025-04-16,105,type9,1
2025-04-17,106,type9,1
2025-04-18,107,type9,1
2025-04-19,108,type9,2
2025-04-20,109,type9,3
2025-04-21,110,type9,2
2025-04-22,111,type9,5
2025-04-23,112,type9,3
2025-04-24,113,type9,6
2025-04-25,114,type9,1
2025-04-26,115,type9,1
2025-04-27,116,type9,1
2025-04-28,117,type9,4
2025-04-29,118,type9,4
2025-04-30,119,type9,2
2025-05-01,120,type9,1
2025-05-02,121,type9,3
2025-05-03,122,type9,2
2025-05-04,123,type9,1
2025-05-05,124,type9,5
2025-05-06,125,type9,4
2025-05-07,126,type9,4
2025-05-08,127,type9,1
2025-05-09,128,type9,0
2025-05-10,129,type9,2
2025-05-11,130,type9,1
2025-05-12,131,type9,0
2025-05-13,132,type9,1
2025-05-14,133,type9,8
2025-05-15,134,type9,1
2025-05-16,135,type9,1
2025-05-17,136,type9,4
2025-05-18,137,type9,2
2025-05-19,138,type9,2
2025-05-20,139,type9,3
2025-05-21,140,type9,1
2025-05-22,141,type9,4
2025-05-23,142,type9,3
2025-05-24,143,type9,2
2025-05-25,144,type9,0
2025-05-26,145,type9,1
2025-05-27,146,type9,3
2025-05-28,147,type9,5
2025-05-29,148,type9,1
2025-05-30,149,type9,2
2025-05-31,150,type9,3
2025-06-01,151,type9,4
2025-06-02,152,type9,0
2025-06-03,153,type9,3
2025-06-04,154,type9,4
2025-06-05,155,type9,2
2025-06-06,156,type9,2
2025-06-07,157,type9,3
2025-06-08,158,type9,6
2025-06-09,159,type9,3
2025-06-10,160,type9,6
2025-06-11,161,type9,2
2025-06-12,162,type9,2
2025-06-13,163,type9,1
2025-06-14,164,type9,2
2025-06-15,165,type9,3
2025-06-16,166,type9,3
2025-06-17,167,type9,4
2025-06-18,168,type9,3
2025-06-19,169,type9,1
2025-06-20,170,type9,3
2025-06-21,171,type9,2
2025-06-22,172,type9,2
2025-06-23,173,type9,1
2025-06-24,174,type9,2
2025-06-25,175,type9,2
2025-06-26,176,type9,0
2025-06-27,177,type9,1
2025-06-28,178,type9,3
2025-06-29,179,type9,5
2025-06-30,180,type9,1
2025-07-01,181,type9,3
2025-07-02,182,type9,1
2025-07-03,183,type9,5
2025-07-04,184,type9,4
2025-07-05,185,type9,1
2025-07-06,186,type9,4
2025-07-07,187,type9,4
2025-07-08,188,type9,3
2025-07-09,189,type9,3
2025-07-10,190,type9,3
2025-07-11,191,type9,5
2025-07-12,192,type9,4
2025-07-13,193,type9,2
2025-07-14,194,type9,1
2025-07-15,195,type9,2
2025-07-16,196,type9,2
2025-07-17,197,type9,1
2025-07-18,198,type9,5
2025-07-19,199,type9,1
2025-07-20,200,type9,3
2025-07-21,201,type9,2
2025-07-22,202,type9,1
2025-07-23,203,type9,3
2025-07-24,204,type9,2
2025-07-25,205,type9,2
2025-07-26,206,type9,3
2025-07-27,207,type9,2
2025-07-28,208,type9,1
2025-07-29,209,type9,3
2025-07-30,210,type9,0
2025-07-31,211,type9,4
2025-08-01,212,type9,0
2025-08-02,213,type9,1
2025-08-03,214,type9,1
2025-08-04,215,type9,5
2025-08-05,216,type9,1
2025-08-06,217,type9,3
2025-08-07,218,type9,2
2025-08-08,219,type9,1
2025-08-09,220,type9,2
2025-08-10,221,type9,1
2025-08-11,222,type9,3
2025-08-12,223,type9,2
2025-08-13,224,type9,4
2025-08-14,225,type9,1
2025-08-15,226,type9,2
2025-08-16,227,type9,4
2025-08-17,228,type9,2
2025-08-18,229,type9,4
2025-08-19,230,type9,2
2025-08-20,231,type9,3
2025-08-21,232,type9,2
2025-08-22,233,type9,0
2025-08-23,234,type9,8
2025-08-24,235,type9,1
2025-08-25,236,type9,4
2025-08-26,237,type9,3
2025-08-27,238,type9,3
2025-08-28,239,type9,3
2025-08-29,240,type9,3
2025-08-30,241,type9,3
2025-08-31,242,type9,2
2025-09-01,243,type9,1
2025-09-02,244,type9,4
2025-09-03,245,type9,3
2025-09-04,246,type9,2
2025-09-05,247,type9,3
2025-09-06,248,type9,5
2025-09-07,249,type9,2
2025-09-08,250,type9,2
2025-09-09,251,type9,4
2025-09-10,252,type9,0
2025-09-11,253,type9,4
2025-09-12,254,type9,4
2025-09-13,255,type9,1
2025-09-14,256,type9,4
2025-09-15,257,type9,3
2025-09-16,258,type9,4
2025-09-17,259,type9,1
2025-09-18,260,type9,1
2025-09-19,261,type9,7
2025-09-20,262,type9,0
2025-09-21,263,type9,4
2025-09-22,264,type9,2
2025-09-23,265,type9,2
2025-09-24,266,type9,3
2025-09-25,267,type9,8
2025-09-26,268,type9,2
2025-09-27,269,type9,2
2025-09-28,270,type9,4
2025-09-29,271,type9,2
2025-09-30,272,type9,4
2025-10-01,273,type9,0
2025-10-02,274,type9,4
2025-10-03,275,type9,4
2025-10-04,276,type9,3
2025-10-05,277,type9,2
2025-10-06,278,type9,5
2025-10-07,279,type9,5
2025-10-08,280,type9,1
2025-10-09,281,type9,1
2025-10-10,282,type9,2
2025-10-11,283,type9,2
2025-10-12,284,type9,6
2025-10-13,285,type9,1
2025-10-14,286,type9,3
2025-10-15,287,type9,3
2025-10-16,288,type9,2
2025-10-17,289,type9,2
2025-10-18,290,type9,1
2025-10-19,291,type9,1
2025-10-20,292,type9,3
2025-10-21,293,type9,1
2025-10-22,294,type9,3
2025-10-23,295,type9,4
2025-10-24,296,type9,2
2025-10-25,297,type9,2
2025-10-26,298,type9,1
2025-10-27,299,type9,1
2025-10-28,300,type9,2
2025-10-29,301,type9,1
2025-10-30,302,type9,3
2025-10-31,303,type9,3
2025-11-01,304,type9,1
2025-11-02,305,type9,2
2025-11-03,306,type9,3
2025-11-04,307,type9,4
2025-11-05,308,type9,2
2025-11-06,309,type9,3
2025-11-07,310,type9,2
2025-11-08,311,type9,4
2025-11-09,312,type9,0
2025-11-10,313,type9,4
2025-11-11,314,type9,3
2025-11-12,315,type9,4
2025-11-13,316,type9,1
2025-11-14,317,type9,2
2025-11-15,318,type9,3
2025-11-16,319,type9,1
2025-11-17,320,type9,2
2025-11-18,321,type9,3
2025-11-19,322,type9,4
2025-11-20,323,type9,2
2025-11-21,324,type9,2
2025-11-22,325,type9,4
2025-11-23,326,type9,4
2025-11-24,327,type9,1
2025-11-25,328,type9,4
2025-11-26,329,type9,2
2025-11-27,330,type9,4
2025-11-28,331,type9,5
2025-11-29,332,type9,2
2025-11-30,333,type9,3
2025-12-01,334,type9,4
2025-12-02,335,type9,1
2025-12-03,336,type9,2
2025-12-04,337,type9,2
2025-12-05,338,type9,3
2025-12-06,339,type9,2
2025-12-07,340,type9,8
2025-12-08,341,type9,5
2025-12-09,342,type9,2
2025-12-10,343,type9,3
2025-12-11,344,type9,1
2025-12-12,345,type9,3
2025-12-13,346,type9,2
2025-12-14,347,type9,2
2025-12-15,348,type9,1
2025-12-16,349,type9,2
2025-12-17,350,type9,2
2025-12-18,351,type9,5
2025-12-19,352,type9,2
2025-12-20,353,type9,2
2025-12-21,354,type9,1
2025-12-22,355,type9,7
2025-12-23,356,type9,3
2025-12-24,357,type9,6
2025-12-25,358,type9,2
2025-12-26,359,type9,6
2025-12-27,360,type9,2
2025-12-28,361,type9,4
2025-12-29,362,type9,4
2025-12-30,363,type9,5
2025-12-31,364,type9,3
